day,daily_gmv,daily_customers,new_customers,returning_customers,orders_per_customer,avg_spend_per_customer,daily_orders,average_order_value,items_per_order,units_sold,average_item_price,seller_count,new_sellers,active_sellers,seller_orders,orders_per_seller,units_sold_per_seller,gmv_per_active_seller
2016-09-15,134.97,1,1,0,1.0,134.97,1,134.97,3.0,3,44.99,1,1,1,1,1.0,3.0,134.97
2016-10-04,2443.57,19,19,0,1.0,128.60894736842107,19,128.60894736842107,1.0526315789473684,20,122.17850000000001,17,16,16,19,1.1875,1.25,152.723125
2016-10-05,1622.05,10,10,0,1.0,162.20499999999998,10,162.20499999999998,1.4,14,115.86071428571428,23,6,8,10,1.25,1.75,202.75625
2016-10-06,17515.56,108,108,0,1.0,162.18111111111114,108,162.18111111111114,1.1481481481481481,124,141.25451612903228,81,58,69,110,1.5942028985507246,1.7971014492753623,253.84869565217394
2016-10-07,10559.8,56,56,0,1.0178571428571428,188.56785714285712,57,185.259649122807,1.280701754385965,73,144.65479452054794,104,23,47,57,1.2127659574468086,1.553191489361702,224.67659574468084
2016-10-08,5670.21,26,26,0,1.0,218.085,26,218.085,1.2692307692307692,33,171.82454545454544,115,11,22,26,1.1818181818181819,1.5,257.7368181818182
2016-10-09,1738.35,10,10,0,1.0,173.83499999999998,10,173.83499999999998,1.1,11,158.03181818181818,116,1,7,10,1.4285714285714286,1.5714285714285714,248.33571428571426
2016-10-10,6517.07,43,43,0,1.0232558139534884,151.55976744186046,44,148.11522727272725,1.2272727272727273,54,120.68648148148148,133,17,40,46,1.15,1.35,162.92675
2016-10-11,2615.15,28,28,0,1.0,93.39821428571429,28,93.39821428571429,1.0,28,93.39821428571429,143,10,25,28,1.12,1.12,104.60600000000001
2016-10-12,358.6,5,5,0,1.0,71.72,5,71.72,1.0,5,71.72,143,0,5,5,1.0,1.0,71.72
2016-10-13,599.69,2,2,0,1.5,299.845,3,199.89666666666668,1.3333333333333333,4,149.9225,144,1,3,3,1.0,1.3333333333333333,199.89666666666668
2016-12-23,10.9,1,1,0,1.0,10.9,1,10.9,1.0,1,10.9,145,1,1,1,1.0,1.0,10.9
2017-01-05,85.8,3,2,1,1.0,28.599999999999998,3,28.599999999999998,1.0,3,28.599999999999998,145,0,2,3,1.5,1.5,42.9
2017-01-06,905.89,3,3,0,1.0,301.9633333333333,3,301.9633333333333,1.0,3,301.9633333333333,145,0,3,3,1.0,1.0,301.9633333333333
2017-01-07,1663.0,19,19,0,1.736842105263158,87.52631578947368,33,50.39393939393939,1.0303030303030303,34,48.911764705882355,149,4,6,33,5.5,5.666666666666667,277.1666666666667
2017-01-08,458.69000000000005,3,3,0,1.3333333333333333,152.89666666666668,4,114.67250000000001,1.0,4,114.67250000000001,151,2,3,4,1.3333333333333333,1.3333333333333333,152.89666666666668
2017-01-09,776.79,4,4,0,1.0,194.1975,4,194.1975,1.25,5,155.358,152,1,4,4,1.0,1.25,194.1975
2017-01-10,969.4499999999999,6,6,0,1.0,161.575,6,161.575,1.0,6,161.575,153,1,5,6,1.2,1.2,193.89
2017-01-11,2444.56,11,11,0,1.0,222.23272727272726,11,222.23272727272726,1.0,11,222.23272727272726,155,2,10,11,1.1,1.1,244.456
2017-01-12,2339.1800000000003,14,14,0,1.0,167.08428571428573,14,167.08428571428573,1.1428571428571428,16,146.19875000000002,157,2,11,14,1.2727272727272727,1.4545454545454546,212.6527272727273
2017-01-13,2529.48,12,12,0,1.0,210.79,12,210.79,1.0,12,210.79,159,2,9,12,1.3333333333333333,1.3333333333333333,281.05333333333334
2017-01-14,1326.89,16,16,0,1.0625,82.930625,17,78.05235294117648,1.0,17,78.05235294117648,162,3,11,17,1.5454545454545454,1.5454545454545454,120.62636363636365
2017-01-15,1177.58,8,8,0,1.0,147.1975,8,147.1975,1.25,10,117.758,163,1,6,8,1.3333333333333333,1.6666666666666667,196.26333333333332
2017-01-16,2081.52,15,15,0,1.0,138.768,15,138.768,1.0,15,138.768,166,3,13,15,1.1538461538461537,1.1538461538461537,160.1169230769231
2017-01-17,4032.84,33,33,0,1.0606060606060606,122.20727272727274,35,115.224,1.2285714285714286,43,93.78697674418605,173,7,25,35,1.4,1.72,161.3136
2017-01-18,4753.68,32,32,0,1.03125,148.5525,33,144.0509090909091,1.121212121212121,37,128.47783783783785,183,10,28,33,1.1785714285714286,1.3214285714285714,169.77428571428572
2017-01-19,3254.44,25,25,0,1.04,130.1776,26,125.17076923076924,1.4230769230769231,37,87.95783783783784,187,4,22,26,1.1818181818181819,1.6818181818181819,147.92909090909092
2017-01-20,3323.15,25,25,0,1.0,132.92600000000002,25,132.92600000000002,1.12,28,118.68392857142858,188,1,20,25,1.25,1.4,166.1575
2017-01-21,3023.64,23,23,0,1.1304347826086956,131.46260869565216,26,116.29384615384615,1.6153846153846154,42,71.99142857142857,192,4,21,26,1.2380952380952381,2.0,143.98285714285714
2017-01-22,3565.08,24,24,0,1.0,148.545,24,148.545,1.125,27,132.04,198,6,20,24,1.2,1.35,178.254
2017-01-23,5657.62,31,30,1,1.0,182.50387096774193,31,182.50387096774193,1.4193548387096775,44,128.58227272727274,201,3,27,31,1.1481481481481481,1.6296296296296295,209.54148148148147
2017-01-24,6761.89,46,46,0,1.0,146.9976086956522,46,146.9976086956522,1.1956521739130435,55,122.94345454545456,206,5,36,46,1.2777777777777777,1.5277777777777777,187.83027777777778
2017-01-25,8638.57,62,62,0,1.0,139.33177419354837,62,139.33177419354837,1.1290322580645162,70,123.40814285714285,223,17,48,62,1.2916666666666667,1.4583333333333333,179.97020833333332
2017-01-26,9081.41,73,73,0,1.0136986301369864,124.40287671232876,74,122.72175675675676,1.1216216216216217,83,109.41457831325302,241,18,58,75,1.293103448275862,1.4310344827586208,156.57603448275862
2017-01-27,9442.92,44,44,0,1.0681818181818181,214.6118181818182,47,200.9131914893617,1.1702127659574468,55,171.68945454545454,254,13,40,50,1.25,1.375,236.073
2017-01-28,10588.63,52,52,0,1.0,203.6275,52,203.6275,1.1923076923076923,62,170.78435483870967,266,12,45,52,1.1555555555555554,1.3777777777777778,235.30288888888887
2017-01-29,4701.25,29,29,0,1.0344827586206897,162.11206896551724,30,156.70833333333334,1.2666666666666666,38,123.71710526315789,272,6,24,30,1.25,1.5833333333333333,195.88541666666666
2017-01-30,8451.74,38,38,0,1.0263157894736843,222.41421052631577,39,216.71128205128204,1.641025641025641,64,132.0584375,277,5,30,39,1.3,2.1333333333333333,281.7246666666667
2017-01-31,12825.02,69,69,0,1.0434782608695652,185.86985507246376,72,178.1252777777778,1.2083333333333333,87,147.41402298850576,290,13,50,72,1.44,1.74,256.5004
2017-02-01,9078.59,72,71,1,1.0277777777777777,126.09152777777778,74,122.68364864864866,1.1081081081081081,82,110.71451219512196,309,19,60,74,1.2333333333333334,1.3666666666666667,151.30983333333333
2017-02-02,9148.93,67,67,0,1.0,136.55119402985076,67,136.55119402985076,1.1492537313432836,77,118.81727272727274,319,10,50,67,1.34,1.54,182.9786
2017-02-03,8501.38,60,60,0,1.0,141.68966666666665,60,141.68966666666665,1.0833333333333333,65,130.79046153846153,329,10,43,60,1.3953488372093024,1.5116279069767442,197.70651162790696
2017-02-04,17040.53,69,69,0,1.0,246.9642028985507,69,246.9642028985507,1.0869565217391304,75,227.20706666666666,347,18,54,70,1.2962962962962963,1.3888888888888888,315.5653703703704
2017-02-05,6161.7300000000005,56,56,0,1.0,110.03089285714286,56,110.03089285714286,1.0714285714285714,60,102.69550000000001,360,13,43,59,1.372093023255814,1.3953488372093024,143.2960465116279
2017-02-06,7780.27,63,63,0,1.0476190476190477,123.49634920634921,66,117.8828787878788,1.121212121212121,74,105.1387837837838,368,8,53,67,1.2641509433962264,1.3962264150943395,146.79754716981134
2017-02-07,16363.63,120,120,0,1.025,136.36358333333334,123,133.03764227642276,1.1382113821138211,140,116.88307142857143,382,14,82,123,1.5,1.7073170731707317,199.55646341463412
2017-02-08,10049.63,81,80,1,1.0123456790123457,124.0695061728395,82,122.55646341463414,1.0731707317073171,88,114.2003409090909,389,7,65,82,1.2615384615384615,1.353846153846154,154.60969230769228
2017-02-09,10969.89,88,87,1,1.0113636363636365,124.65784090909091,89,123.25719101123595,1.0561797752808988,94,116.7009574468085,404,15,71,89,1.2535211267605635,1.323943661971831,154.50549295774647
2017-02-10,12129.88,85,85,0,1.0,142.7044705882353,85,142.7044705882353,1.1294117647058823,96,126.35291666666666,416,12,61,86,1.4098360655737705,1.5737704918032787,198.8504918032787
2017-02-11,9818.91,53,53,0,1.0,185.26245283018866,53,185.26245283018866,1.169811320754717,62,158.36951612903226,418,2,44,53,1.2045454545454546,1.4090909090909092,223.15704545454545
2017-02-12,12567.02,45,45,0,1.0,279.26711111111115,45,279.26711111111115,1.0444444444444445,47,267.38340425531914,423,5,38,45,1.1842105263157894,1.236842105263158,330.711052631579
2017-02-13,8414.1,58,58,0,1.0,145.07068965517243,58,145.07068965517243,1.1724137931034482,68,123.73676470588236,427,4,48,58,1.2083333333333333,1.4166666666666667,175.29375000000002
2017-02-14,14083.05,80,80,0,1.0125,176.03812499999998,81,173.8648148148148,1.0740740740740742,87,161.87413793103448,437,10,67,81,1.208955223880597,1.2985074626865671,210.19477611940297
2017-02-15,9029.7,77,77,0,1.0,117.26883116883118,77,117.26883116883118,1.103896103896104,85,106.23176470588236,448,11,60,77,1.2833333333333334,1.4166666666666667,150.495
2017-02-16,6882.54,58,57,1,1.0,118.6644827586207,58,118.6644827586207,1.103448275862069,64,107.5396875,455,7,52,58,1.1153846153846154,1.2307692307692308,132.35653846153846
2017-02-17,6314.97,42,40,2,1.0,150.35642857142858,42,150.35642857142858,1.2142857142857142,51,123.8229411764706,462,7,39,45,1.1538461538461537,1.3076923076923077,161.9223076923077
2017-02-18,6652.73,52,52,0,1.0384615384615385,127.93711538461538,54,123.1987037037037,1.0740740740740742,58,114.70224137931034,467,5,40,54,1.35,1.45,166.31824999999998
2017-02-19,4015.61,30,30,0,1.0333333333333334,133.85366666666667,31,129.5358064516129,1.2903225806451613,40,100.39025000000001,468,1,27,31,1.1481481481481481,1.4814814814814814,148.7262962962963
2017-02-20,4711.68,41,40,1,1.0,114.9190243902439,41,114.9190243902439,1.170731707317073,48,98.16000000000001,474,6,39,43,1.1025641025641026,1.2307692307692308,120.8123076923077
2017-02-21,4580.42,44,44,0,1.0,104.10045454545455,44,104.10045454545455,1.0454545454545454,46,99.57434782608696,479,5,38,45,1.1842105263157894,1.2105263157894737,120.53736842105263
2017-02-22,12008.43,69,68,1,1.0289855072463767,174.03521739130434,71,169.13281690140846,1.1830985915492958,84,142.9575,490,11,60,72,1.2,1.4,200.1405
2017-02-23,7126.39,49,49,0,1.0204081632653061,145.4365306122449,50,142.5278,1.16,58,122.86879310344828,497,7,45,50,1.1111111111111112,1.288888888888889,158.36422222222222
2017-02-24,8467.78,72,70,2,1.0138888888888888,117.60805555555557,73,115.99698630136987,1.1643835616438356,85,99.6209411764706,505,8,58,73,1.2586206896551724,1.4655172413793103,145.99620689655174
2017-02-25,4183.52,43,43,0,1.0,97.29116279069768,43,97.29116279069768,1.186046511627907,51,82.02980392156864,509,4,38,43,1.131578947368421,1.3421052631578947,110.09263157894738
2017-02-26,5570.900000000001,41,41,0,1.0,135.87560975609756,41,135.87560975609756,1.048780487804878,43,129.55581395348838,512,3,35,41,1.1714285714285715,1.2285714285714286,159.16857142857145
2017-02-27,5129.86,38,38,0,1.0,134.99631578947367,38,134.99631578947367,1.1842105263157894,45,113.99688888888888,515,3,36,38,1.0555555555555556,1.25,142.4961111111111
2017-02-28,10659.01,47,46,1,1.0,226.78744680851065,47,226.78744680851065,1.2340425531914894,58,183.77603448275863,522,7,41,47,1.146341463414634,1.4146341463414633,259.9758536585366
2017-03-01,8098.82,61,59,2,1.0163934426229508,132.76754098360655,62,130.62612903225806,1.1935483870967742,74,109.44351351351351,528,6,51,62,1.2156862745098038,1.4509803921568627,158.80039215686273
2017-03-02,12988.93,94,93,1,1.0,138.18010638297872,94,138.18010638297872,1.1914893617021276,112,115.97258928571429,533,5,68,94,1.3823529411764706,1.6470588235294117,191.01367647058825
2017-03-03,13656.9,88,87,1,1.0113636363636365,155.19204545454545,89,153.44831460674158,1.146067415730337,102,133.89117647058822,535,2,66,89,1.3484848484848484,1.5454545454545454,206.92272727272726
2017-03-04,12986.93,71,71,0,1.0422535211267605,182.91450704225352,74,175.49905405405406,1.1486486486486487,85,152.7874117647059,541,6,59,74,1.2542372881355932,1.4406779661016949,220.11745762711865
2017-03-05,8030.68,64,64,0,1.015625,125.479375,65,123.54892307692307,1.1538461538461537,75,107.07573333333333,547,6,53,65,1.2264150943396226,1.4150943396226414,151.5222641509434
2017-03-06,9805.77,80,80,0,1.0,122.572125,80,122.572125,1.15,92,106.58445652173914,555,8,65,80,1.2307692307692308,1.4153846153846155,150.858
2017-03-07,12388.58,102,101,1,1.0196078431372548,121.45666666666666,104,119.12096153846154,1.0961538461538463,114,108.67175438596492,562,7,77,104,1.3506493506493507,1.4805194805194806,160.89064935064934
2017-03-08,15418.94,88,88,0,1.0,175.21522727272728,88,175.21522727272728,1.1363636363636365,100,154.1894,573,11,74,88,1.1891891891891893,1.3513513513513513,208.36405405405407
2017-03-09,14143.14,110,109,1,1.018181818181818,128.57399999999998,112,126.2780357142857,1.2857142857142858,144,98.21625,581,8,78,113,1.4487179487179487,1.8461538461538463,181.32230769230767
2017-03-10,12682.07,88,88,0,1.0340909090909092,144.11443181818183,91,139.36340659340658,1.120879120879121,102,124.33401960784313,587,6,72,91,1.2638888888888888,1.4166666666666667,176.13986111111112
2017-03-11,10852.97,71,70,1,1.0,152.8587323943662,71,152.8587323943662,1.1267605633802817,80,135.662125,592,5,52,71,1.3653846153846154,1.5384615384615385,208.71096153846153
2017-03-12,6612.16,62,62,0,1.032258064516129,106.64774193548386,64,103.315,1.109375,71,93.12901408450703,595,3,53,64,1.2075471698113207,1.3396226415094339,124.7577358490566
2017-03-13,16958.05,109,109,0,1.018348623853211,155.57844036697247,111,152.77522522522523,1.063063063063063,118,143.7122881355932,603,8,76,111,1.4605263157894737,1.5526315789473684,223.13223684210524
2017-03-14,14243.66,99,99,0,1.0,143.87535353535353,99,143.87535353535353,1.1515151515151516,114,124.94438596491229,607,4,72,99,1.375,1.5833333333333333,197.82861111111112
2017-03-15,14999.33,106,106,0,1.009433962264151,141.50311320754716,107,140.18065420560748,1.1308411214953271,121,123.96140495867769,618,11,89,107,1.202247191011236,1.3595505617977528,168.53179775280898
2017-03-16,14034.78,102,102,0,1.0,137.59588235294117,102,137.59588235294117,1.2352941176470589,126,111.38714285714286,621,3,77,102,1.3246753246753247,1.6363636363636365,182.26987012987013
2017-03-17,11880.44,63,62,1,1.0158730158730158,188.5784126984127,64,185.631875,1.21875,78,152.31333333333333,622,1,51,65,1.2745098039215685,1.5294117647058822,232.94980392156864
2017-03-18,16433.82,73,73,0,1.0,225.12082191780823,73,225.12082191780823,1.0547945205479452,77,213.42623376623376,629,7,59,73,1.2372881355932204,1.305084745762712,278.5393220338983
2017-03-19,6649.34,56,56,0,1.0,118.73821428571429,56,118.73821428571429,1.0535714285714286,59,112.7006779661017,630,1,38,56,1.4736842105263157,1.5526315789473684,174.98263157894738
2017-03-20,17096.49,114,114,0,1.0175438596491229,149.9692105263158,116,147.38353448275865,1.0948275862068966,127,134.618031496063,635,5,77,116,1.5064935064935066,1.6493506493506493,222.03233766233768
2017-03-21,10541.49,81,81,0,1.0246913580246915,130.14185185185184,83,127.00590361445784,1.144578313253012,95,110.96305263157895,642,7,66,83,1.2575757575757576,1.4393939393939394,159.71954545454545
2017-03-22,11991.62,82,82,0,1.0121951219512195,146.23926829268294,83,144.47734939759036,1.144578313253012,95,126.22757894736843,647,5,61,84,1.3770491803278688,1.5573770491803278,196.58393442622952
2017-03-23,12377.57,79,79,0,1.0126582278481013,156.6781012658228,80,154.719625,1.2,96,128.93302083333333,656,9,68,80,1.1764705882352942,1.411764705882353,182.02308823529413
2017-03-24,13839.52,95,95,0,1.0210526315789474,145.67915789473685,97,142.67546391752578,1.175257731958763,114,121.39929824561403,660,4,72,97,1.3472222222222223,1.5833333333333333,192.21555555555557
2017-03-25,9184.53,78,77,1,1.0384615384615385,117.75038461538462,81,113.38925925925926,1.123456790123457,91,100.92890109890111,663,3,62,81,1.3064516129032258,1.467741935483871,148.1375806451613
2017-03-26,5871.59,63,63,0,1.0,93.19984126984127,63,93.19984126984127,1.0317460317460319,65,90.33215384615384,664,1,53,63,1.1886792452830188,1.2264150943396226,110.78471698113208
2017-03-27,10229.27,85,85,0,1.0,120.34435294117648,85,120.34435294117648,1.0823529411764705,92,111.18771739130435,667,3,65,85,1.3076923076923077,1.4153846153846155,157.37338461538462
2017-03-28,15332.77,115,114,1,1.017391304347826,133.3284347826087,117,131.04931623931625,1.170940170940171,137,111.9180291970803,676,9,88,118,1.3409090909090908,1.5568181818181819,174.23602272727274
2017-03-29,11726.41,81,80,1,1.0246913580246915,144.7704938271605,83,141.28204819277107,1.0963855421686748,91,128.86164835164834,683,7,69,83,1.2028985507246377,1.318840579710145,169.94797101449277
2017-03-30,9841.58,87,86,1,1.0,113.1216091954023,87,113.1216091954023,1.1264367816091954,98,100.42428571428572,692,9,73,88,1.2054794520547945,1.3424657534246576,134.81616438356164
2017-03-31,9713.41,69,69,0,1.0,140.77405797101449,69,140.77405797101449,1.1159420289855073,77,126.14818181818181,696,4,57,69,1.2105263157894737,1.3508771929824561,170.41070175438597
2017-04-01,10281.71,50,50,0,1.02,205.6342,51,201.6021568627451,1.0196078431372548,52,197.72519230769228,700,4,42,51,1.2142857142857142,1.2380952380952381,244.80261904761903
2017-04-02,9557.98,53,52,1,1.0188679245283019,180.33924528301887,54,176.99962962962962,1.2222222222222223,66,144.81787878787878,703,3,47,56,1.1914893617021276,1.4042553191489362,203.36127659574467
2017-04-03,13605.800000000001,56,56,0,1.0178571428571428,242.96071428571432,57,238.6982456140351,1.2456140350877194,71,191.63098591549297,705,2,44,57,1.2954545454545454,1.6136363636363635,309.2227272727273
2017-04-04,16225.01,124,124,0,1.0161290322580645,130.84685483870967,126,128.76992063492062,1.119047619047619,141,115.07099290780143,710,5,87,127,1.4597701149425288,1.6206896551724137,186.49436781609197
2017-04-05,17537.74,94,94,0,1.0319148936170213,186.5717021276596,97,180.80144329896908,1.0515463917525774,102,171.93862745098042,718,8,80,98,1.225,1.275,219.22175000000001
2017-04-06,21188.83,94,91,3,1.0106382978723405,225.413085106383,95,223.0403157894737,1.0526315789473684,100,211.88830000000002,722,4,72,96,1.3333333333333333,1.3888888888888888,294.2893055555556
2017-04-07,18270.46,93,91,2,1.010752688172043,196.45655913978493,94,194.36659574468084,1.202127659574468,113,161.6854867256637,724,2,77,94,1.2207792207792207,1.4675324675324675,237.2787012987013
2017-04-08,9275.59,71,70,1,1.0,130.64211267605634,71,130.64211267605634,1.1267605633802817,80,115.944875,730,6,59,71,1.2033898305084745,1.3559322033898304,157.21338983050848
2017-04-09,6800.77,55,55,0,1.0909090909090908,123.65036363636365,60,113.34616666666668,1.0333333333333334,62,109.68983870967743,731,1,45,60,1.3333333333333333,1.3777777777777778,151.12822222222223
2017-04-10,10533.67,70,68,2,1.0,150.481,70,150.481,1.1,77,136.8009090909091,733,2,56,70,1.25,1.375,188.10125
2017-04-11,11509.64,96,94,2,1.0104166666666667,119.89208333333333,97,118.65608247422679,1.0721649484536082,104,110.66961538461538,739,6,74,98,1.3243243243243243,1.4054054054054055,155.53567567567566
2017-04-12,7363.36,63,63,0,1.0,116.87873015873015,63,116.87873015873015,1.1111111111111112,70,105.19085714285714,745,6,54,63,1.1666666666666667,1.2962962962962963,136.3585185185185
2017-04-13,10712.18,73,71,2,1.0136986301369864,146.7421917808219,74,144.7591891891892,1.0675675675675675,79,135.59721518987342,752,7,64,74,1.15625,1.234375,167.3778125
2017-04-14,8963.04,59,59,0,1.0,151.91593220338984,59,151.91593220338984,1.0677966101694916,63,142.27047619047622,754,2,48,59,1.2291666666666667,1.3125,186.73000000000002
2017-04-15,6874.14,44,44,0,1.0,156.23045454545456,44,156.23045454545456,1.0681818181818181,47,146.25829787234042,755,1,40,45,1.125,1.175,171.8535
2017-04-16,5546.35,42,42,0,1.0238095238095237,132.0559523809524,43,128.98488372093024,1.069767441860465,46,120.57282608695652,759,4,41,44,1.0731707317073171,1.1219512195121952,135.2768292682927
2017-04-17,5997.03,46,44,2,1.0,130.37021739130435,46,130.37021739130435,1.0217391304347827,47,127.5963829787234,762,3,41,46,1.1219512195121952,1.146341463414634,146.26902439024389
2017-04-18,19125.95,87,87,0,1.0,219.83850574712645,87,219.83850574712645,1.160919540229885,101,189.36584158415843,764,2,66,87,1.3181818181818181,1.5303030303030303,289.78712121212124
2017-04-19,15953.49,82,82,0,1.0,194.55475609756098,82,194.55475609756098,1.1097560975609757,91,175.31307692307692,765,1,69,83,1.2028985507246377,1.318840579710145,231.21
2017-04-20,11598.99,88,87,1,1.0568181818181819,131.80670454545455,93,124.72032258064516,1.1612903225806452,108,107.39805555555556,768,3,72,95,1.3194444444444444,1.5,161.09708333333333
2017-04-21,8960.4,77,77,0,1.0129870129870129,116.36883116883116,78,114.87692307692308,1.2692307692307692,99,90.5090909090909,771,3,59,79,1.3389830508474576,1.6779661016949152,151.87118644067797
2017-04-22,10249.86,70,69,1,1.0,146.42657142857144,70,146.42657142857144,1.1428571428571428,80,128.12325,776,5,59,71,1.2033898305084745,1.3559322033898304,173.7264406779661
2017-04-23,7061.37,55,55,0,1.0,128.38854545454546,55,128.38854545454546,1.0545454545454545,58,121.74775862068965,780,4,45,55,1.2222222222222223,1.288888888888889,156.91933333333333
2017-04-24,12220.23,89,89,0,1.0224719101123596,137.30595505617978,91,134.28824175824175,1.10989010989011,101,120.99237623762376,782,2,73,93,1.273972602739726,1.3835616438356164,167.4004109589041
2017-04-25,19537.71,142,141,1,1.0070422535211268,137.5895070422535,143,136.62734265734264,1.1048951048951048,158,123.65639240506329,788,6,99,144,1.4545454545454546,1.595959595959596,197.35060606060605
2017-04-26,16877.52,118,117,1,1.0,143.0298305084746,118,143.0298305084746,1.1101694915254237,131,128.83603053435115,796,8,89,119,1.3370786516853932,1.4719101123595506,189.6350561797753
2017-04-27,11629.05,98,97,1,1.0,118.66377551020408,98,118.66377551020408,1.2959183673469388,127,91.56732283464567,801,5,77,98,1.2727272727272727,1.6493506493506493,151.02662337662338
2017-04-28,13588.58,105,103,2,1.0,129.4150476190476,105,129.4150476190476,1.1142857142857143,117,116.1417094017094,804,3,83,105,1.2650602409638554,1.4096385542168675,163.7178313253012
2017-04-29,12465.34,85,83,2,1.0,146.6510588235294,85,146.6510588235294,1.1294117647058823,96,129.84729166666668,807,3,68,86,1.2647058823529411,1.411764705882353,183.31382352941176
2017-04-30,8126.9400000000005,59,59,0,1.0,137.7447457627119,59,137.7447457627119,1.152542372881356,68,119.51382352941177,810,3,52,59,1.1346153846153846,1.3076923076923077,156.2873076923077
2017-05-01,10643.37,90,88,2,1.0222222222222221,118.25966666666667,92,115.68880434782609,1.0978260869565217,101,105.37990099009902,815,5,76,94,1.236842105263158,1.3289473684210527,140.04434210526315
2017-05-02,7239.68,46,46,0,1.0,157.38434782608695,46,157.38434782608695,1.0434782608695652,48,150.82666666666668,817,2,40,46,1.15,1.2,180.99200000000002
2017-05-03,23492.57,192,189,3,1.0,122.35713541666667,192,122.35713541666667,1.1041666666666667,212,110.81400943396227,825,8,122,193,1.5819672131147542,1.7377049180327868,192.56204918032788
2017-05-04,14962.48,109,108,1,1.0091743119266054,137.27045871559633,110,136.02254545454545,1.1545454545454545,127,117.81480314960629,829,4,88,111,1.2613636363636365,1.4431818181818181,170.02818181818182
2017-05-05,14600.53,113,112,1,1.0176991150442478,129.20823008849558,115,126.96113043478262,1.0956521739130434,126,115.87722222222223,835,6,79,115,1.4556962025316456,1.5949367088607596,184.81683544303797
2017-05-06,19397.52,123,123,0,1.032520325203252,157.70341463414636,127,152.7363779527559,1.1338582677165354,144,134.705,839,4,101,127,1.2574257425742574,1.4257425742574257,192.05465346534655
2017-05-07,15593.08,92,88,4,1.0217391304347827,169.49,94,165.88382978723405,1.127659574468085,106,147.1045283018868,841,2,72,94,1.3055555555555556,1.4722222222222223,216.57055555555556
2017-05-08,11809.8,100,99,1,1.01,118.098,101,116.92871287128712,1.0891089108910892,110,107.36181818181818,843,2,71,101,1.4225352112676057,1.5492957746478873,166.33521126760562
2017-05-09,14981.68,145,141,4,1.0,103.32193103448276,145,103.32193103448276,1.2137931034482758,176,85.12318181818182,854,11,98,147,1.5,1.7959183673469388,152.87428571428572
2017-05-10,20445.13,104,104,0,1.0192307692307692,196.58778846153848,106,192.87858490566038,1.1037735849056605,117,174.74470085470085,857,3,81,107,1.3209876543209877,1.4444444444444444,252.40901234567903
2017-05-11,21828.05,138,137,1,1.0072463768115942,158.17427536231884,139,157.03633093525178,1.1726618705035972,163,133.91441717791412,865,8,102,140,1.3725490196078431,1.5980392156862746,214.00049019607843
2017-05-12,16770.63,110,108,2,1.0272727272727273,152.46027272727272,113,148.41265486725663,1.0973451327433628,124,135.24701612903226,867,2,90,113,1.2555555555555555,1.3777777777777778,186.34033333333335
2017-05-13,12267.76,89,88,1,1.0224719101123596,137.84,91,134.81054945054944,1.10989010989011,101,121.4629702970297,869,2,72,92,1.2777777777777777,1.4027777777777777,170.38555555555556
2017-05-14,12191.47,93,92,1,1.0,131.0910752688172,93,131.0910752688172,1.1612903225806452,108,112.88398148148147,874,5,72,94,1.3055555555555556,1.5,169.32597222222222
2017-05-15,11228.11,99,99,0,1.0303030303030303,113.41525252525253,102,110.07950980392157,1.088235294117647,111,101.15414414414415,879,5,88,104,1.1818181818181819,1.2613636363636365,127.59215909090909
2017-05-16,21377.5,186,184,2,1.0161290322580645,114.93279569892474,189,113.10846560846561,1.1322751322751323,214,99.89485981308411,886,7,137,191,1.3941605839416058,1.562043795620438,156.04014598540147
2017-05-17,23391.82,140,137,3,1.0,167.08442857142856,140,167.08442857142856,1.1,154,151.89493506493505,888,2,104,144,1.3846153846153846,1.4807692307692308,224.92134615384614
2017-05-18,20159.56,142,141,1,1.0140845070422535,141.9687323943662,144,139.99694444444447,1.1180555555555556,161,125.21465838509317,893,5,106,145,1.3679245283018868,1.5188679245283019,190.18452830188681
2017-05-19,17026.24,139,136,3,1.014388489208633,122.49093525179858,141,120.75347517730498,1.099290780141844,155,109.84670967741937,896,3,98,143,1.4591836734693877,1.5816326530612246,173.73714285714289
2017-05-20,13022.54,80,78,2,1.05,162.78175000000002,84,155.0302380952381,1.2738095238095237,107,121.70598130841122,899,3,63,85,1.3492063492063493,1.6984126984126984,206.70698412698414
2017-05-21,13647.06,101,100,1,1.0396039603960396,135.11940594059405,105,129.972,1.0952380952380953,115,118.67008695652173,904,5,72,105,1.4583333333333333,1.5972222222222223,189.5425
2017-05-22,18942.82,131,130,1,1.015267175572519,144.60167938931298,133,142.42721804511277,1.1203007518796992,149,127.13302013422819,906,2,88,135,1.5340909090909092,1.6931818181818181,215.25931818181817
2017-05-23,25882.8,173,171,2,1.0057803468208093,149.61156069364162,174,148.75172413793103,1.132183908045977,197,131.38477157360407,910,4,113,174,1.5398230088495575,1.7433628318584071,229.0513274336283
2017-05-24,19341.64,120,116,4,1.0333333333333334,161.18033333333332,124,155.98096774193547,1.153225806451613,143,135.25622377622378,915,5,87,125,1.4367816091954022,1.6436781609195403,222.3177011494253
2017-05-25,15566.66,123,122,1,1.0,126.55821138211383,123,126.55821138211383,1.113821138211382,137,113.62525547445256,922,7,94,123,1.3085106382978724,1.4574468085106382,165.60276595744682
2017-05-26,19898.579999999998,104,102,2,1.0192307692307692,191.33249999999998,106,187.72245283018867,1.1981132075471699,127,156.68173228346456,924,2,81,106,1.308641975308642,1.5679012345679013,245.66148148148145
2017-05-27,10564.02,76,74,2,1.0,139.00026315789475,76,139.00026315789475,1.118421052631579,85,124.28258823529413,926,2,62,77,1.2419354838709677,1.3709677419354838,170.38741935483873
2017-05-28,11367.050000000001,81,80,1,1.0123456790123457,140.33395061728396,82,138.62256097560976,1.1341463414634145,93,122.22634408602151,927,1,67,82,1.2238805970149254,1.3880597014925373,169.6574626865672
2017-05-29,14700.7,123,122,1,1.008130081300813,119.5178861788618,124,118.55403225806452,1.1290322580645162,140,105.00500000000001,930,3,88,127,1.4431818181818181,1.5909090909090908,167.0534090909091
2017-05-30,14840.8,122,120,2,1.0,121.64590163934426,122,121.64590163934426,1.0901639344262295,133,111.58496240601504,933,3,93,124,1.3333333333333333,1.4301075268817205,159.5784946236559
2017-05-31,19986.24,128,126,2,1.0,156.1425,128,156.1425,1.140625,146,136.89205479452056,936,3,98,128,1.3061224489795917,1.489795918367347,203.94122448979593
2017-06-01,17885.02,122,122,0,1.0081967213114753,146.59852459016395,123,145.40666666666667,1.1300813008130082,139,128.66920863309352,937,1,86,125,1.4534883720930232,1.6162790697674418,207.96534883720932
2017-06-02,20077.66,123,119,4,1.008130081300813,163.2330081300813,124,161.9166129032258,1.0887096774193548,135,148.7234074074074,940,3,86,124,1.441860465116279,1.569767441860465,233.46116279069767
2017-06-03,15218.85,117,114,3,1.0085470085470085,130.07564102564103,118,128.97330508474576,1.0847457627118644,128,118.897265625,940,0,84,119,1.4166666666666667,1.5238095238095237,181.17678571428573
2017-06-04,11311.5,79,79,0,1.0126582278481013,143.18354430379748,80,141.39375,1.075,86,131.52906976744185,943,3,66,81,1.2272727272727273,1.303030303030303,171.38636363636363
2017-06-05,14807.93,109,107,2,1.0091743119266054,135.85256880733945,110,134.61754545454545,1.0545454545454545,116,127.65456896551724,946,3,75,110,1.4666666666666666,1.5466666666666666,197.43906666666666
2017-06-06,25581.04,161,157,4,1.0062111801242235,158.88844720496894,162,157.90765432098766,1.2098765432098766,196,130.51551020408164,948,2,113,164,1.4513274336283186,1.7345132743362832,226.3808849557522
2017-06-07,12934.53,128,126,2,1.0390625,101.051015625,133,97.2521052631579,1.0601503759398496,141,91.73425531914894,955,7,97,134,1.3814432989690721,1.4536082474226804,133.3456701030928
2017-06-08,15622.85,118,115,3,1.0169491525423728,132.3970338983051,120,130.19041666666666,1.075,129,121.10736434108527,960,5,90,121,1.3444444444444446,1.4333333333333333,173.58722222222224
2017-06-09,17393.36,121,119,2,1.024793388429752,143.74677685950414,124,140.26903225806453,1.1290322580645162,140,124.23828571428572,962,2,92,126,1.3695652173913044,1.5217391304347827,189.05826086956523
2017-06-10,11278.26,89,86,3,1.0112359550561798,126.72202247191011,90,125.31400000000001,1.1777777777777778,106,106.39867924528302,962,0,72,93,1.2916666666666667,1.4722222222222223,156.6425
2017-06-11,11721.12,91,88,3,1.021978021978022,128.8035164835165,93,126.03354838709679,1.096774193548387,102,114.9129411764706,964,2,72,95,1.3194444444444444,1.4166666666666667,162.79333333333335
2017-06-12,10274.88,95,92,3,1.0,108.15663157894735,95,108.15663157894735,1.1473684210526316,109,94.26495412844037,964,0,72,95,1.3194444444444444,1.5138888888888888,142.70666666666665
2017-06-13,19557.53,155,151,4,1.0129032258064516,126.17761290322579,157,124.57025477707006,1.21656050955414,191,102.39544502617801,967,3,102,157,1.5392156862745099,1.8725490196078431,191.7404901960784
2017-06-14,13338.12,123,123,0,1.008130081300813,108.44000000000001,124,107.56548387096775,1.0483870967741935,130,102.60092307692308,972,5,87,125,1.4367816091954022,1.4942528735632183,153.31172413793104
2017-06-15,17509.54,113,113,0,1.0176991150442478,154.95168141592922,115,152.2568695652174,1.1652173913043478,134,130.6682089552239,975,3,90,116,1.288888888888889,1.488888888888889,194.55044444444445
2017-06-16,11334.93,82,81,1,1.0121951219512195,138.2308536585366,83,136.565421686747,1.144578313253012,95,119.31505263157895,978,3,66,84,1.2727272727272727,1.4393939393939394,171.74136363636364
2017-06-17,14514.79,98,95,3,1.0408163265306123,148.11010204081634,102,142.30186274509805,1.107843137254902,113,128.44946902654868,983,5,77,104,1.3506493506493507,1.4675324675324675,188.50376623376624
2017-06-18,14942.57,80,77,3,1.0125,186.782125,81,184.47617283950618,1.0864197530864197,88,169.80193181818183,985,2,59,81,1.3728813559322033,1.4915254237288136,253.26389830508475
2017-06-19,17259.83,106,106,0,1.009433962264151,162.8285849056604,107,161.30682242990656,1.1775700934579438,126,136.98277777777778,987,2,84,110,1.3095238095238095,1.5,205.4741666666667
2017-06-20,18040.21,127,125,2,1.031496062992126,142.04889763779528,131,137.71152671755723,1.1450381679389312,150,120.26806666666666,989,2,80,132,1.65,1.875,225.502625
2017-06-21,10327.75,66,65,1,1.0151515151515151,156.4810606060606,67,154.1455223880597,1.0298507462686568,69,149.67753623188406,990,1,53,68,1.2830188679245282,1.3018867924528301,194.86320754716982
2017-06-22,8856.99,81,79,2,1.0123456790123457,109.34555555555555,82,108.01207317073171,1.1097560975609757,91,97.32956043956044,990,0,62,82,1.3225806451612903,1.467741935483871,142.85467741935483
2017-06-23,10566.4,91,90,1,1.0,116.11428571428571,91,116.11428571428571,1.1538461538461537,105,100.63238095238096,994,4,74,91,1.2297297297297298,1.4189189189189189,142.7891891891892
2017-06-24,6219.67,75,74,1,1.0133333333333334,82.92893333333333,76,81.83776315789474,1.105263157894737,84,74.04369047619048,995,1,58,76,1.3103448275862069,1.4482758620689655,107.23568965517242
2017-06-25,11921.14,77,76,1,1.0389610389610389,154.82,80,149.01425,1.0375,83,143.62819277108434,996,1,60,80,1.3333333333333333,1.3833333333333333,198.68566666666666
2017-06-26,11879.48,64,64,0,1.03125,185.616875,66,179.99212121212122,1.196969696969697,79,150.37316455696202,1000,4,58,67,1.1551724137931034,1.3620689655172413,204.81862068965518
2017-06-27,25420.829999999998,160,158,2,1.0,158.88018749999998,160,158.88018749999998,1.1,176,144.43653409090908,1003,3,108,160,1.4814814814814814,1.6296296296296295,235.37805555555553
2017-06-28,14600.05,119,118,1,1.0168067226890756,122.68949579831933,121,120.66157024793388,1.0826446280991735,131,111.45076335877862,1006,3,82,121,1.475609756097561,1.5975609756097562,178.04939024390242
2017-06-29,14411.82,122,118,4,1.0163934426229508,118.12967213114754,124,116.22435483870967,1.1048387096774193,137,105.19576642335767,1007,1,82,124,1.5121951219512195,1.670731707317073,175.7539024390244
2017-06-30,12469.93,89,87,2,1.0,140.11157303370786,89,140.11157303370786,1.0449438202247192,93,134.0852688172043,1011,4,77,89,1.155844155844156,1.2077922077922079,161.94714285714286
2017-07-01,11760.67,94,94,0,1.0,125.11351063829787,94,125.11351063829787,1.127659574468085,106,110.94971698113207,1015,4,77,95,1.2337662337662338,1.3766233766233766,152.73597402597403
2017-07-02,10815.56,83,81,2,1.0120481927710843,130.3079518072289,84,128.75666666666666,1.1428571428571428,96,112.66208333333333,1016,1,65,85,1.3076923076923077,1.476923076923077,166.39323076923077
2017-07-03,12132.41,92,89,3,1.0108695652173914,131.87402173913043,93,130.45602150537636,1.118279569892473,104,116.65778846153846,1017,1,75,94,1.2533333333333334,1.3866666666666667,161.76546666666667
2017-07-04,13564.94,105,104,1,1.019047619047619,129.18990476190476,107,126.77514018691589,1.0934579439252337,117,115.93965811965812,1020,3,73,108,1.4794520547945205,1.6027397260273972,185.82109589041096
2017-07-05,21565.61,154,149,5,1.0129870129870129,140.0364285714286,156,138.24108974358975,1.1666666666666667,182,118.49236263736265,1025,5,120,163,1.3583333333333334,1.5166666666666666,179.71341666666666
2017-07-06,21809.83,155,154,1,1.0129032258064516,140.7085806451613,157,138.91611464968153,1.089171974522293,171,127.54286549707604,1031,6,106,159,1.5,1.6132075471698113,205.7531132075472
2017-07-07,15683.880000000001,129,129,0,1.0077519379844961,121.58046511627907,130,120.64523076923078,1.146153846153846,149,105.26093959731544,1031,0,79,132,1.6708860759493671,1.8860759493670887,198.53012658227848
2017-07-08,15770.119999999999,101,101,0,1.00990099009901,156.139801980198,102,154.60901960784312,1.0686274509803921,109,144.67999999999998,1036,5,73,103,1.4109589041095891,1.4931506849315068,216.0290410958904
2017-07-09,6986.04,75,74,1,1.0,93.1472,75,93.1472,1.0666666666666667,80,87.3255,1040,4,61,75,1.2295081967213115,1.3114754098360655,114.52524590163934
2017-07-10,11680.83,104,100,4,1.0288461538461537,112.31567307692308,107,109.1666355140187,1.0934579439252337,117,99.83615384615385,1045,5,83,109,1.3132530120481927,1.4096385542168675,140.73289156626507
2017-07-11,20289.51,165,163,2,1.006060606060606,122.96672727272727,166,122.22596385542168,1.1506024096385543,191,106.22780104712041,1049,4,107,172,1.6074766355140186,1.7850467289719627,189.62158878504673
2017-07-12,19786.65,156,154,2,1.0,126.8375,156,126.8375,1.1346153846153846,177,111.78898305084746,1053,4,112,156,1.3928571428571428,1.5803571428571428,176.66651785714288
2017-07-13,15740.66,133,132,1,1.0,118.35082706766917,133,118.35082706766917,1.112781954887218,148,106.35581081081081,1053,0,88,138,1.5681818181818181,1.6818181818181819,178.87113636363637
2017-07-14,19534.54,160,160,0,1.00625,122.09087500000001,161,121.33254658385094,1.1304347826086956,182,107.33263736263737,1061,8,109,161,1.4770642201834863,1.6697247706422018,179.2159633027523
2017-07-15,12925.65,115,113,2,1.017391304347826,112.39695652173913,117,110.47564102564102,1.1111111111111112,130,99.42807692307692,1063,2,76,120,1.5789473684210527,1.7105263157894737,170.07434210526316
2017-07-16,11866.77,91,88,3,1.010989010989011,130.40406593406593,92,128.98663043478263,1.108695652173913,102,116.34088235294118,1067,4,67,92,1.373134328358209,1.5223880597014925,177.11597014925374
2017-07-17,17513.75,128,124,4,1.0078125,136.826171875,129,135.765503875969,1.3333333333333333,172,101.82412790697674,1074,7,85,131,1.5411764705882354,2.023529411764706,206.0441176470588
2017-07-18,26691.71,205,200,5,1.0195121951219512,130.20346341463414,209,127.71153110047847,1.1818181818181819,247,108.06360323886639,1080,6,126,215,1.7063492063492063,1.9603174603174602,211.83896825396826
2017-07-19,20185.7,153,152,1,1.0196078431372548,131.9326797385621,156,129.39551282051283,1.1730769230769231,183,110.30437158469945,1085,5,103,158,1.5339805825242718,1.7766990291262137,195.97766990291262
2017-07-20,22171.45,152,149,3,1.019736842105263,145.86480263157895,155,143.0416129032258,1.1612903225806452,180,123.17472222222223,1087,2,100,155,1.55,1.8,221.71450000000002
2017-07-21,13455.44,117,116,1,1.017094017094017,115.00376068376069,119,113.0709243697479,1.1008403361344539,131,102.7132824427481,1090,3,91,120,1.3186813186813187,1.4395604395604396,147.86197802197802
2017-07-22,14091.66,101,98,3,1.0297029702970297,139.52138613861385,104,135.49673076923077,1.2403846153846154,129,109.23767441860466,1093,3,75,106,1.4133333333333333,1.72,187.8888
2017-07-23,9026.91,75,74,1,1.0133333333333334,120.3588,76,118.77513157894737,1.0394736842105263,79,114.2646835443038,1096,3,62,76,1.2258064516129032,1.2741935483870968,145.59532258064516
2017-07-24,15520.4,124,120,4,1.0,125.16451612903225,124,125.16451612903225,1.064516129032258,132,117.57878787878788,1101,5,96,126,1.3125,1.375,161.67083333333332
2017-07-25,17961.96,180,174,6,1.0277777777777777,99.78866666666666,185,97.09167567567567,1.1081081081081081,205,87.61931707317073,1107,6,121,187,1.5454545454545454,1.6942148760330578,148.44595041322313
2017-07-26,16307.59,132,127,5,1.0303030303030303,123.54234848484849,136,119.90875,1.1764705882352942,160,101.9224375,1110,3,98,142,1.4489795918367347,1.6326530612244898,166.40397959183673
2017-07-27,17012.08,130,128,2,1.0076923076923077,130.86215384615386,131,129.86320610687025,1.1603053435114503,152,111.92157894736843,1114,4,94,132,1.4042553191489362,1.6170212765957446,180.97957446808513
2017-07-28,15408.44,127,124,3,1.0236220472440944,121.32629921259843,130,118.52646153846155,1.123076923076923,146,105.5372602739726,1120,6,100,131,1.31,1.46,154.08440000000002
2017-07-29,19808.94,124,124,0,1.0241935483870968,159.74951612903226,127,155.97590551181102,1.1811023622047243,150,132.0596,1123,3,96,131,1.3645833333333333,1.5625,206.343125
2017-07-30,10640.82,95,94,1,1.0105263157894737,112.00863157894736,96,110.841875,1.1041666666666667,106,100.38509433962264,1123,0,72,98,1.3611111111111112,1.4722222222222223,147.78916666666666
2017-07-31,15055.54,112,108,4,1.0267857142857142,134.4244642857143,115,130.9177391304348,1.1391304347826088,131,114.92778625954199,1125,2,86,118,1.372093023255814,1.5232558139534884,175.06441860465117
2017-08-01,18826.99,128,125,3,1.0,147.085859375,128,147.085859375,1.1640625,149,126.35563758389263,1128,3,99,128,1.292929292929293,1.505050505050505,190.17161616161619
2017-08-02,23282.11,218,217,1,1.0091743119266054,106.79866972477065,220,105.82777272727273,1.0818181818181818,238,97.82399159663866,1133,5,138,223,1.6159420289855073,1.7246376811594204,168.7109420289855
2017-08-03,20249.89,150,147,3,1.0066666666666666,134.99926666666667,151,134.10523178807946,1.119205298013245,169,119.82183431952663,1138,5,111,153,1.3783783783783783,1.5225225225225225,182.43144144144145
2017-08-04,17336.28,135,132,3,1.0222222222222221,128.41688888888888,138,125.62521739130435,1.144927536231884,158,109.7232911392405,1148,10,107,141,1.3177570093457944,1.4766355140186915,162.02130841121493
2017-08-05,15609.84,137,134,3,1.0145985401459854,113.94043795620438,139,112.3010071942446,1.1223021582733812,156,100.06307692307692,1152,4,97,140,1.443298969072165,1.6082474226804124,160.92618556701032
2017-08-06,12547.19,85,84,1,1.011764705882353,147.614,86,145.89755813953488,1.1744186046511629,101,124.22960396039605,1152,0,66,86,1.303030303030303,1.5303030303030303,190.1089393939394
2017-08-07,13294.3,108,107,1,1.0092592592592593,123.09537037037036,109,121.96605504587156,1.165137614678899,127,104.67952755905512,1156,4,85,111,1.3058823529411765,1.4941176470588236,156.4035294117647
2017-08-08,26094.32,183,176,7,1.010928961748634,142.59191256830601,185,141.05037837837838,1.0864864864864865,201,129.82248756218905,1162,6,122,187,1.5327868852459017,1.6475409836065573,213.887868852459
2017-08-09,17096.760000000002,137,136,1,1.0,124.7938686131387,137,124.7938686131387,1.1386861313868613,156,109.5946153846154,1165,3,99,138,1.393939393939394,1.5757575757575757,172.69454545454548
2017-08-10,23617.8,154,152,2,1.0194805194805194,153.36233766233767,157,150.43184713375797,1.1146496815286624,175,134.95885714285714,1167,2,108,158,1.462962962962963,1.6203703703703705,218.68333333333334
2017-08-11,17691.17,140,140,0,1.0285714285714285,126.36549999999998,144,122.8553472222222,1.1319444444444444,163,108.5347852760736,1171,4,104,146,1.4038461538461537,1.5673076923076923,170.10740384615383
2017-08-12,18782.99,121,119,2,1.0082644628099173,155.2313223140496,122,153.95893442622952,1.221311475409836,149,126.0603355704698,1174,3,95,125,1.3157894736842106,1.568421052631579,197.71568421052632
2017-08-13,8334.26,76,76,0,1.013157894736842,109.66131578947369,77,108.23714285714286,1.2077922077922079,93,89.61569892473119,1177,3,64,79,1.234375,1.453125,130.2228125
2017-08-14,14232.64,117,114,3,1.017094017094017,121.64649572649571,119,119.60201680672269,1.134453781512605,135,105.42696296296296,1178,1,84,120,1.4285714285714286,1.6071428571428572,169.43619047619046
2017-08-15,24108.5,183,180,3,1.0218579234972678,131.74043715846994,187,128.92245989304814,1.085561497326203,203,118.76108374384236,1185,7,115,187,1.626086956521739,1.7652173913043478,209.6391304347826
2017-08-16,22459.7,180,176,4,1.0222222222222221,124.77611111111112,184,122.06358695652175,1.173913043478261,216,103.9800925925926,1188,3,132,185,1.4015151515151516,1.6363636363636365,170.14924242424243
2017-08-17,21667.73,166,165,1,1.0060240963855422,130.52849397590361,167,129.7468862275449,1.1197604790419162,187,115.87021390374332,1195,7,116,168,1.4482758620689655,1.6120689655172413,186.79077586206895
2017-08-18,16300.64,157,156,1,1.0063694267515924,103.82573248407643,158,103.1686075949367,1.0949367088607596,173,94.22335260115607,1203,8,110,161,1.4636363636363636,1.5727272727272728,148.18763636363636
2017-08-19,19145.0,124,121,3,1.0080645161290323,154.3951612903226,125,153.16,1.16,145,132.0344827586207,1206,3,97,128,1.3195876288659794,1.4948453608247423,197.37113402061857
2017-08-20,10709.61,83,80,3,1.0120481927710843,129.03144578313254,84,127.49535714285715,1.1428571428571428,96,111.55843750000001,1211,5,69,87,1.2608695652173914,1.391304347826087,155.21173913043478
2017-08-21,17036.48,135,130,5,1.0074074074074073,126.19614814814814,136,125.26823529411764,1.2058823529411764,164,103.88097560975609,1222,11,108,140,1.2962962962962963,1.5185185185185186,157.7451851851852
2017-08-22,18647.95,161,159,2,1.031055900621118,115.82577639751553,166,112.33704819277109,1.144578313253012,190,98.1471052631579,1227,5,123,168,1.3658536585365855,1.5447154471544715,151.60934959349595
2017-08-23,16842.94,127,120,7,1.0078740157480315,132.6215748031496,128,131.58546875,1.2109375,155,108.66412903225806,1228,1,106,132,1.2452830188679245,1.4622641509433962,158.89566037735847
2017-08-24,16251.9,117,115,2,1.0256410256410255,138.9051282051282,120,135.4325,1.3666666666666667,164,99.09695121951219,1232,4,96,123,1.28125,1.7083333333333333,169.290625
2017-08-25,16053.06,130,129,1,1.023076923076923,123.48507692307692,133,120.6996992481203,1.105263157894737,147,109.20448979591836,1235,3,102,135,1.3235294117647058,1.4411764705882353,157.38294117647058
2017-08-26,12450.25,106,100,6,1.0,117.45518867924528,106,117.45518867924528,1.0943396226415094,116,107.32974137931035,1236,1,80,108,1.35,1.45,155.628125
2017-08-27,9634.5,84,83,1,1.0119047619047619,114.69642857142857,85,113.34705882352941,1.1647058823529413,99,97.31818181818181,1237,1,72,87,1.2083333333333333,1.375,133.8125
2017-08-28,19778.12,126,123,3,1.0476190476190477,156.96920634920633,132,149.8342424242424,1.106060606060606,146,135.46657534246575,1240,3,102,133,1.303921568627451,1.4313725490196079,193.90313725490196
2017-08-29,29617.47,169,164,5,1.0059171597633136,175.25130177514794,170,174.2204117647059,1.1705882352941177,199,148.83150753768845,1247,7,115,174,1.5130434782608695,1.7304347826086957,257.5432173913044
2017-08-30,26707.74,159,156,3,1.0314465408805031,167.97320754716984,164,162.85207317073173,1.103658536585366,181,147.55657458563536,1251,4,115,166,1.4434782608695653,1.5739130434782609,232.24121739130436
2017-08-31,28533.2,159,157,2,1.0062893081761006,179.45408805031448,160,178.3325,1.1625,186,153.40430107526882,1257,6,113,162,1.4336283185840708,1.6460176991150441,252.5061946902655
2017-09-01,26885.24,144,140,4,1.0069444444444444,186.70305555555558,145,185.41544827586208,1.1310344827586207,164,163.93439024390244,1259,2,94,147,1.5638297872340425,1.7446808510638299,286.0131914893617
2017-09-02,20052.7,114,112,2,1.0263157894736843,175.90087719298245,117,171.3905982905983,1.1282051282051282,132,151.91439393939393,1263,4,94,117,1.2446808510638299,1.4042553191489362,213.32659574468087
2017-09-03,20943.97,95,92,3,1.0,220.46284210526318,95,220.46284210526318,1.1368421052631579,108,193.92564814814816,1265,2,75,96,1.28,1.44,279.2529333333334
2017-09-04,23527.81,122,121,1,1.0245901639344261,192.85090163934427,125,188.22248000000002,1.112,139,169.2648201438849,1266,1,83,127,1.5301204819277108,1.6746987951807228,283.4675903614458
2017-09-05,24120.0,177,171,6,1.0112994350282485,136.27118644067798,179,134.7486033519553,1.1620111731843576,208,115.96153846153847,1272,6,128,183,1.4296875,1.625,188.4375
2017-09-06,28742.5,149,148,1,1.0,192.90268456375838,149,192.90268456375838,1.1476510067114094,171,168.08479532163742,1280,8,108,150,1.3888888888888888,1.5833333333333333,266.13425925925924
2017-09-07,16958.27,122,119,3,1.0081967213114753,139.0022131147541,123,137.8721138211382,1.0975609756097562,135,125.61681481481482,1283,3,89,124,1.3932584269662922,1.5168539325842696,190.5423595505618
2017-09-08,14540.43,95,93,2,1.0210526315789474,153.05715789473683,97,149.90134020618558,1.1237113402061856,109,133.39844036697247,1287,4,80,97,1.2125,1.3625,181.75537500000002
2017-09-09,16036.49,125,124,1,1.008,128.29192,126,127.27373015873016,1.126984126984127,142,112.93302816901408,1290,3,94,126,1.3404255319148937,1.5106382978723405,170.6009574468085
2017-09-10,13882.91,103,100,3,1.0194174757281553,134.78553398058253,105,132.21819047619047,1.1428571428571428,120,115.69091666666667,1295,5,84,107,1.2738095238095237,1.4285714285714286,165.27273809523808
2017-09-11,20931.53,153,152,1,1.0,136.80738562091503,153,136.80738562091503,1.091503267973856,167,125.33850299401198,1299,4,120,158,1.3166666666666667,1.3916666666666666,174.42941666666667
2017-09-12,25443.99,219,214,5,1.0091324200913243,116.18260273972604,221,115.13117647058824,1.1040723981900453,244,104.27864754098361,1304,5,137,222,1.6204379562043796,1.781021897810219,185.72255474452555
2017-09-13,30727.12,206,199,7,1.0194174757281553,149.16077669902913,210,146.31961904761906,1.1857142857142857,249,123.40208835341365,1311,7,145,213,1.4689655172413794,1.717241379310345,211.9111724137931
2017-09-14,26084.0,187,179,8,1.0160427807486632,139.4866310160428,190,137.2842105263158,1.1789473684210525,224,116.44642857142857,1317,6,137,192,1.4014598540145986,1.635036496350365,190.3941605839416
2017-09-15,21126.88,156,154,2,1.0064102564102564,135.42871794871795,157,134.56611464968154,1.089171974522293,171,123.54900584795323,1325,8,120,158,1.3166666666666667,1.425,176.05733333333333
2017-09-16,19042.61,125,123,2,1.0,152.34088,125,152.34088,1.088,136,140.0191911764706,1332,7,92,128,1.391304347826087,1.4782608695652173,206.98489130434783
2017-09-17,18323.46,108,101,7,1.0185185185185186,169.66166666666666,110,166.57690909090908,1.0545454545454545,116,157.9608620689655,1337,5,88,113,1.2840909090909092,1.3181818181818181,208.22113636363636
2017-09-18,19301.96,128,123,5,1.0078125,150.7965625,129,149.6275968992248,1.1705426356589148,151,127.82754966887417,1340,3,97,131,1.3505154639175259,1.556701030927835,198.98927835051546
2017-09-19,30527.22,215,213,2,1.013953488372093,141.98706976744185,218,140.03311926605505,1.146788990825688,250,122.10888,1348,8,139,219,1.5755395683453237,1.7985611510791366,219.62028776978417
2017-09-20,22048.2,150,145,5,1.0133333333333334,146.988,152,145.05394736842106,1.1644736842105263,177,124.56610169491526,1351,3,107,154,1.439252336448598,1.6542056074766356,206.05794392523364
2017-09-21,22508.96,163,157,6,1.0061349693251533,138.0917791411043,164,137.24975609756098,1.1524390243902438,189,119.09502645502646,1357,6,115,167,1.4521739130434783,1.6434782608695653,195.73008695652175
2017-09-22,14772.19,132,132,0,1.0151515151515151,111.91053030303031,134,110.24022388059701,1.1940298507462686,160,92.3261875,1358,1,98,134,1.3673469387755102,1.6326530612244898,150.73663265306124
2017-09-23,13278.48,106,103,3,1.009433962264151,125.26867924528301,107,124.09794392523364,1.1682242990654206,125,106.22784,1361,3,86,107,1.244186046511628,1.4534883720930232,154.40093023255812
2017-09-24,10118.25,86,83,3,1.0465116279069768,117.65406976744185,90,112.425,1.1111111111111112,100,101.1825,1361,0,63,90,1.4285714285714286,1.5873015873015872,160.60714285714286
2017-09-25,14705.31,103,100,3,1.0,142.76999999999998,103,142.76999999999998,1.1844660194174756,122,120.53532786885245,1364,3,77,105,1.3636363636363635,1.5844155844155845,190.97805194805193
2017-09-26,24334.78,210,207,3,1.0047619047619047,115.87990476190475,211,115.33071090047393,1.1042654028436019,233,104.44111587982832,1368,4,139,212,1.525179856115108,1.6762589928057554,175.0703597122302
2017-09-27,22422.68,149,144,5,1.0201342281879195,150.48778523489932,152,147.51763157894737,1.1842105263157894,180,124.57044444444445,1373,5,104,153,1.4711538461538463,1.7307692307692308,215.6026923076923
2017-09-28,18631.39,135,129,6,1.0,138.0102962962963,135,138.0102962962963,1.0962962962962963,148,125.88777027027027,1374,1,101,136,1.3465346534653466,1.4653465346534653,184.4692079207921
2017-09-29,20259.13,119,116,3,1.0168067226890756,170.2447899159664,121,167.430826446281,1.1735537190082646,142,142.66992957746479,1376,2,95,122,1.2842105263157895,1.4947368421052631,213.25400000000002
2017-09-30,14641.4,121,118,3,1.0,121.00330578512397,121,121.00330578512397,1.1570247933884297,140,104.58142857142857,1383,7,90,122,1.3555555555555556,1.5555555555555556,162.6822222222222
2017-10-01,13390.64,92,88,4,1.0217391304347827,145.55043478260868,94,142.45361702127659,1.0957446808510638,103,130.006213592233,1385,2,70,95,1.3571428571428572,1.4714285714285715,191.29485714285713
2017-10-02,33621.85,115,112,3,1.0,292.36391304347825,115,292.36391304347825,1.2,138,243.63659420289855,1386,1,91,116,1.2747252747252746,1.5164835164835164,369.4708791208791
2017-10-03,28521.11,212,205,7,1.009433962264151,134.53353773584905,214,133.27621495327102,1.102803738317757,236,120.85216101694915,1390,4,143,216,1.5104895104895104,1.6503496503496504,199.4483216783217
2017-10-04,23180.66,175,169,6,1.0114285714285713,132.4609142857143,177,130.96418079096046,1.0960451977401129,194,119.4879381443299,1395,5,134,178,1.328358208955224,1.4477611940298507,172.99
2017-10-05,23780.239999999998,144,139,5,1.0069444444444444,165.14055555555555,145,164.0016551724138,1.186206896551724,172,138.25720930232558,1401,6,99,147,1.4848484848484849,1.7373737373737375,240.20444444444442
2017-10-06,20360.58,134,133,1,1.007462686567164,151.94462686567167,135,150.8191111111111,1.2740740740740741,172,118.37546511627907,1408,7,106,140,1.320754716981132,1.6226415094339623,192.08094339622644
2017-10-07,17400.86,117,114,3,1.0085470085470085,148.72529914529915,118,147.4649152542373,1.1610169491525424,137,127.01357664233576,1414,6,93,120,1.2903225806451613,1.4731182795698925,187.10602150537636
2017-10-08,13869.65,99,97,2,1.0101010101010102,140.09747474747473,100,138.6965,1.08,108,128.42268518518517,1418,4,83,101,1.216867469879518,1.3012048192771084,167.1042168674699
2017-10-09,19370.74,135,132,3,1.0148148148148148,143.48696296296296,137,141.39226277372265,1.0875912408759123,149,130.00496644295302,1421,3,97,137,1.4123711340206186,1.5360824742268042,199.69835051546394
2017-10-10,32928.65,214,211,3,1.0186915887850467,153.87219626168226,218,151.04885321100917,1.1330275229357798,247,133.31437246963563,1431,10,157,222,1.414012738853503,1.5732484076433122,209.73662420382166
2017-10-11,26298.2,172,169,3,1.0116279069767442,152.896511627907,174,151.13908045977013,1.2298850574712643,214,122.88878504672897,1439,8,121,177,1.462809917355372,1.7685950413223142,217.3404958677686
2017-10-12,21251.8,140,138,2,1.0142857142857142,151.79857142857142,142,149.66056338028167,1.1056338028169015,157,135.36178343949044,1447,8,100,144,1.44,1.57,212.518
2017-10-13,19882.6,128,125,3,1.0078125,155.3328125,129,154.12868217054262,1.0852713178294573,140,142.01857142857142,1453,6,94,131,1.3936170212765957,1.4893617021276595,211.51702127659573
2017-10-14,18209.04,154,152,2,1.0,118.24051948051948,154,118.24051948051948,1.1168831168831168,172,105.86651162790699,1457,4,106,157,1.4811320754716981,1.6226415094339623,171.7833962264151
2017-10-15,15158.63,94,91,3,1.0,161.26202127659573,94,161.26202127659573,1.1382978723404256,107,141.66943925233645,1465,8,72,96,1.3333333333333333,1.4861111111111112,210.53652777777776
2017-10-16,22862.84,153,149,4,1.0,149.43032679738562,153,149.43032679738562,1.1372549019607843,174,131.39563218390805,1467,2,106,154,1.4528301886792452,1.6415094339622642,215.68716981132076
2017-10-17,34411.1,214,208,6,1.014018691588785,160.79953271028037,217,158.57649769585254,1.23963133640553,269,127.92230483271375,1475,8,152,222,1.4605263157894737,1.769736842105263,226.38881578947368
2017-10-18,30470.23,184,178,6,1.0217391304347827,165.59907608695653,188,162.0756914893617,1.2712765957446808,239,127.4905020920502,1480,5,137,193,1.4087591240875912,1.7445255474452555,222.4104379562044
2017-10-19,22913.47,167,158,9,1.0179640718562875,137.20640718562876,170,134.78511764705883,1.2,204,112.32093137254903,1486,6,122,172,1.4098360655737705,1.6721311475409837,187.81532786885248
2017-10-20,21584.14,142,138,4,1.0,152.00098591549295,142,152.00098591549295,1.1267605633802817,160,134.90087499999998,1491,5,106,144,1.3584905660377358,1.509433962264151,203.62396226415095
2017-10-21,17285.36,132,131,1,1.0151515151515151,130.949696969697,134,128.99522388059702,1.1044776119402986,148,116.79297297297298,1492,1,95,135,1.4210526315789473,1.5578947368421052,181.95115789473684
2017-10-22,17102.0,129,129,0,1.0232558139534884,132.57364341085272,132,129.56060606060606,1.1363636363636365,150,114.01333333333334,1495,3,96,135,1.40625,1.5625,178.14583333333334
2017-10-23,17967.21,124,122,2,1.0161290322580645,144.89685483870966,126,142.59690476190477,1.1666666666666667,147,122.22591836734694,1498,3,89,128,1.4382022471910112,1.651685393258427,201.8787640449438
2017-10-24,22493.84,170,166,4,1.0058823529411764,132.31670588235295,171,131.5429239766082,1.1929824561403508,204,110.26392156862745,1501,3,127,174,1.3700787401574803,1.6062992125984252,177.1168503937008
2017-10-25,20221.14,163,160,3,1.0061349693251533,124.0560736196319,164,123.29963414634146,1.146341463414634,188,107.55925531914893,1505,4,124,166,1.3387096774193548,1.5161290322580645,163.07370967741934
2017-10-26,25457.99,161,158,3,1.0124223602484472,158.12416149068324,163,156.18398773006135,1.2638036809815951,206,123.58247572815534,1508,3,122,170,1.3934426229508197,1.6885245901639345,208.6720491803279
2017-10-27,17667.8,137,136,1,1.0072992700729928,128.96204379562045,138,128.02753623188406,1.1304347826086956,156,113.2551282051282,1511,3,102,138,1.3529411764705883,1.5294117647058822,173.21372549019608
2017-10-28,14070.26,97,95,2,1.0206185567010309,145.05422680412372,99,142.12383838383838,1.1616161616161615,115,122.35008695652174,1516,5,73,99,1.356164383561644,1.5753424657534247,192.74328767123288
2017-10-29,12396.24,100,98,2,1.01,123.9624,101,122.7350495049505,1.188118811881188,120,103.30199999999999,1517,1,80,101,1.2625,1.5,154.953
2017-10-30,20973.95,115,111,4,1.017391304347826,182.3821739130435,117,179.26452991452993,1.205128205128205,141,148.7514184397163,1523,6,96,117,1.21875,1.46875,218.47864583333333
2017-10-31,24789.82,170,168,2,1.011764705882353,145.8224705882353,172,144.12686046511627,1.2093023255813953,208,119.18182692307693,1527,4,121,176,1.4545454545454546,1.71900826446281,204.87454545454545
2017-11-01,25668.65,147,139,8,1.0068027210884354,174.61666666666667,148,173.43682432432433,1.1486486486486487,170,150.99205882352942,1533,6,109,150,1.3761467889908257,1.5596330275229358,235.49220183486239
2017-11-02,20888.1,121,119,2,1.0082644628099173,172.6289256198347,122,171.21393442622949,1.2868852459016393,157,133.0452229299363,1538,5,89,127,1.4269662921348314,1.7640449438202248,234.69775280898875
2017-11-03,19755.79,107,103,4,1.0093457943925233,184.63355140186917,108,182.9239814814815,1.2037037037037037,130,151.96761538461539,1542,4,83,109,1.3132530120481927,1.5662650602409638,238.02156626506024
2017-11-04,21517.32,132,127,5,1.0075757575757576,163.01,133,161.78436090225563,1.1578947368421053,154,139.72285714285715,1546,4,98,134,1.3673469387755102,1.5714285714285714,219.56448979591838
2017-11-05,14521.63,107,104,3,1.02803738317757,135.71616822429905,110,132.01481818181819,1.1090909090909091,122,119.02975409836066,1549,3,87,113,1.2988505747126438,1.4022988505747127,166.91528735632184
2017-11-06,10504.15,75,73,2,1.0,140.05533333333332,75,140.05533333333332,1.0933333333333333,82,128.09939024390243,1550,1,61,76,1.2459016393442623,1.3442622950819672,172.19918032786885
2017-11-07,38021.06,271,264,7,1.011070110701107,140.29911439114392,274,138.7629927007299,1.145985401459854,314,121.08617834394904,1561,11,166,277,1.6686746987951808,1.891566265060241,229.04253012048193
2017-11-08,25161.670000000002,168,165,3,1.005952380952381,149.77184523809524,169,148.88562130177516,1.21301775147929,205,122.73985365853659,1564,3,116,174,1.5,1.7672413793103448,216.9109482758621
2017-11-09,21763.510000000002,193,192,1,1.0,112.76430051813473,193,112.76430051813473,1.1191709844559585,216,100.75699074074075,1571,7,133,195,1.4661654135338347,1.6240601503759398,163.6354135338346
2017-11-10,21387.73,164,158,6,1.0060975609756098,130.41298780487804,165,129.62260606060605,1.1696969696969697,193,110.81725388601036,1576,5,120,169,1.4083333333333334,1.6083333333333334,178.23108333333332
2017-11-11,23523.77,170,167,3,1.011764705882353,138.37511764705883,172,136.7661046511628,1.191860465116279,205,114.75009756097562,1580,4,127,174,1.3700787401574803,1.6141732283464567,185.22653543307086
2017-11-12,19896.31,137,136,1,1.0,145.22854014598542,137,145.22854014598542,1.1094890510948905,152,130.89677631578948,1584,4,102,140,1.3725490196078431,1.4901960784313726,195.06186274509804
2017-11-13,19304.88,149,147,2,1.0,129.56295302013424,149,129.56295302013424,1.1610738255033557,173,111.58890173410406,1589,5,120,151,1.2583333333333333,1.4416666666666667,160.874
2017-11-14,31712.98,246,240,6,1.008130081300813,128.91455284552845,248,127.87491935483871,1.125,279,113.66659498207885,1598,9,176,249,1.4147727272727273,1.5852272727272727,180.18738636363636
2017-11-15,24751.05,188,182,6,1.0053191489361701,131.65452127659574,189,130.9579365079365,1.1216931216931216,212,116.7502358490566,1608,10,141,191,1.3546099290780143,1.50354609929078,175.53936170212765
2017-11-16,18122.63,165,160,5,1.006060606060606,109.83412121212122,166,109.17246987951808,1.144578313253012,190,95.38226315789474,1616,8,117,166,1.4188034188034189,1.623931623931624,154.8942735042735
2017-11-17,32876.45,232,229,3,1.0129310344827587,141.70883620689654,235,139.89978723404255,1.148936170212766,270,121.76462962962962,1621,5,152,241,1.5855263157894737,1.7763157894736843,216.2924342105263
2017-11-18,34714.44,184,180,4,1.0217391304347827,188.6654347826087,188,184.6512765957447,1.2606382978723405,237,146.47443037974685,1629,8,131,192,1.465648854961832,1.8091603053435115,264.9957251908397
2017-11-19,16726.16,126,121,5,1.0158730158730158,132.7473015873016,128,130.673125,1.125,144,116.15388888888889,1633,4,105,130,1.2380952380952381,1.3714285714285714,159.2967619047619
2017-11-20,31631.69,177,175,2,1.0112994350282485,178.71011299435028,179,176.71335195530725,1.1340782122905029,203,155.8211330049261,1640,7,129,182,1.4108527131782946,1.573643410852713,245.2068992248062
2017-11-21,35725.83,229,225,4,1.0,156.00799126637554,229,156.00799126637554,1.1048034934497817,253,141.20881422924901,1650,10,158,230,1.4556962025316456,1.6012658227848102,226.11284810126583
2017-11-22,36271.38,245,236,9,1.0204081632653061,148.04644897959182,250,145.08552,1.176,294,123.37204081632652,1656,6,168,252,1.5,1.75,215.9010714285714
2017-11-23,36652.12,238,235,3,1.0126050420168067,154.00050420168068,241,152.08348547717844,1.1991701244813278,289,126.8239446366782,1661,5,154,244,1.5844155844155845,1.8766233766233766,238.00077922077924
2017-11-24,104489.22,783,773,10,1.0102171136653895,133.4472796934866,791,132.09762326169405,1.202275600505689,951,109.87299684542587,1673,12,312,798,2.5576923076923075,3.048076923076923,334.90134615384613
2017-11-25,94173.69,739,726,13,1.0148849797023005,127.43395128552098,750,125.56492,1.1666666666666667,875,107.62707428571429,1686,13,322,757,2.3509316770186337,2.717391304347826,292.46487577639755
2017-11-26,39243.57,334,326,8,1.0149700598802396,117.49571856287425,339,115.76274336283186,1.1386430678466077,386,101.66727979274611,1691,5,202,343,1.698019801980198,1.9108910891089108,194.275099009901
2017-11-27,42905.57,342,335,7,1.0116959064327486,125.45488304093567,346,124.00453757225434,1.1907514450867052,412,104.13973300970873,1704,13,203,352,1.7339901477832513,2.0295566502463056,211.35748768472905
2017-11-28,65159.85,498,484,14,1.0060240963855422,130.84307228915662,501,130.05958083832334,1.1696606786427146,586,111.1942832764505,1712,8,250,510,2.04,2.344,260.63939999999997
2017-11-29,39826.7,342,338,4,1.0029239766081872,116.45233918128655,343,116.11282798833818,1.1574344023323615,397,100.31914357682619,1715,3,200,348,1.74,1.985,199.1335
2017-11-30,27951.59,227,222,5,1.0176211453744493,123.1347577092511,231,121.00255411255411,1.1125541125541125,257,108.76105058365759,1717,2,154,233,1.5129870129870129,1.6688311688311688,181.50383116883117
2017-12-01,51798.28,357,347,10,1.0140056022408963,145.0932212885154,362,143.08917127071823,1.1629834254143647,421,123.0362945368171,1725,8,209,365,1.7464114832535884,2.014354066985646,247.83866028708132
2017-12-02,33552.12,246,237,9,1.016260162601626,136.3907317073171,250,134.20848,1.092,273,122.90153846153846,1730,5,155,252,1.6258064516129032,1.761290322580645,216.46529032258067
2017-12-03,24256.0,186,179,7,1.0,130.40860215053763,186,130.40860215053763,1.1505376344086022,214,113.34579439252336,1731,1,125,190,1.52,1.712,194.048
2017-12-04,24510.920000000002,179,169,10,1.0167597765363128,136.93251396648046,182,134.67538461538462,1.0824175824175823,197,124.42091370558377,1736,5,128,183,1.4296875,1.5390625,191.49156250000001
2017-12-05,55629.21,420,409,11,1.0047619047619047,132.4505,422,131.82277251184834,1.1208530805687205,473,117.60932346723044,1741,5,237,429,1.8101265822784811,1.9957805907172996,234.72240506329115
2017-12-06,43803.51,291,281,10,1.0103092783505154,150.5275257731959,294,148.9915306122449,1.1360544217687074,334,131.14823353293414,1744,3,172,296,1.7209302325581395,1.941860465116279,254.67156976744187
2017-12-07,29770.170000000002,238,232,6,1.0084033613445378,125.08474789915967,240,124.042375,1.1583333333333334,278,107.08694244604317,1748,4,142,242,1.704225352112676,1.9577464788732395,209.64908450704226
2017-12-08,28491.74,225,221,4,1.0,126.62995555555557,225,126.62995555555557,1.1688888888888889,263,108.33361216730039,1752,4,141,229,1.624113475177305,1.8652482269503545,202.0690780141844
2017-12-09,24116.49,168,166,2,1.0178571428571428,143.55053571428573,171,141.03210526315792,1.0994152046783625,188,128.27920212765957,1753,1,113,172,1.5221238938053097,1.663716814159292,213.42026548672567
2017-12-10,19848.94,151,150,1,1.0198675496688743,131.44993377483442,154,128.88922077922078,1.103896103896104,170,116.75847058823528,1754,1,106,156,1.471698113207547,1.6037735849056605,187.2541509433962
2017-12-11,25948.3,183,180,3,1.0163934426229508,141.79398907103825,186,139.50698924731182,1.096774193548387,204,127.19754901960783,1756,2,127,191,1.5039370078740157,1.6062992125984252,204.31732283464567
2017-12-12,45834.7,348,336,12,1.0028735632183907,131.708908045977,349,131.33151862464183,1.143266475644699,399,114.87393483709272,1766,10,207,357,1.7246376811594204,1.9275362318840579,221.42367149758454
2017-12-13,30325.27,233,229,4,1.0042918454935623,130.15137339055795,234,129.59517094017093,1.1111111111111112,260,116.63565384615384,1769,3,151,235,1.5562913907284768,1.7218543046357615,200.82960264900663
2017-12-14,21870.43,196,192,4,1.0,111.58382653061224,196,111.58382653061224,1.086734693877551,213,102.6780751173709,1774,5,138,196,1.4202898550724639,1.5434782608695652,158.4813768115942
2017-12-15,25373.59,191,189,2,1.0261780104712042,132.8460209424084,196,129.4570918367347,1.1938775510204083,234,108.4341452991453,1776,2,137,196,1.4306569343065694,1.7080291970802919,185.20868613138686
2017-12-16,28746.03,155,151,4,1.0064516129032257,185.45825806451612,156,184.26942307692306,1.0897435897435896,170,169.09429411764705,1779,3,116,160,1.3793103448275863,1.4655172413793103,247.81060344827586
2017-12-17,18134.37,104,97,7,1.0192307692307692,174.3689423076923,106,171.07896226415093,1.1415094339622642,121,149.87082644628097,1780,1,85,107,1.2588235294117647,1.423529411764706,213.3455294117647
2017-12-18,22755.88,159,156,3,1.0062893081761006,143.11874213836478,160,142.22425,1.10625,177,128.56429378531075,1784,4,109,161,1.4770642201834863,1.6238532110091743,208.7695412844037
2017-12-19,24782.77,219,214,5,1.004566210045662,113.16333333333334,220,112.64895454545454,1.1136363636363635,245,101.15416326530612,1788,4,144,221,1.5347222222222223,1.7013888888888888,172.10256944444444
2017-12-20,31323.36,186,182,4,1.010752688172043,168.40516129032258,188,166.6136170212766,1.1542553191489362,217,144.3472811059908,1791,3,132,190,1.4393939393939394,1.643939393939394,237.29818181818183
2017-12-21,19285.32,147,140,7,1.0,131.1926530612245,147,131.1926530612245,1.1156462585034013,164,117.59341463414634,1793,2,97,147,1.5154639175257731,1.690721649484536,198.8177319587629
2017-12-22,19698.12,137,135,2,1.0072992700729928,143.78189781021896,138,142.73999999999998,1.1594202898550725,160,123.11325,1795,2,95,139,1.4631578947368422,1.6842105263157894,207.34863157894736
2017-12-23,11902.53,113,112,1,1.0,105.33212389380532,113,105.33212389380532,1.1150442477876106,126,94.46452380952381,1798,3,83,116,1.3975903614457832,1.5180722891566265,143.40397590361445
2017-12-24,6473.110000000001,51,50,1,1.0196078431372548,126.92372549019609,52,124.48288461538462,1.0192307692307692,53,122.13415094339624,1799,1,42,52,1.2380952380952381,1.2619047619047619,154.12166666666667
2017-12-25,7362.650000000001,67,63,4,1.0149253731343284,109.89029850746269,68,108.27426470588236,1.0735294117647058,73,100.8582191780822,1800,1,52,68,1.3076923076923077,1.4038461538461537,141.58942307692308
2017-12-26,17287.239999999998,127,124,3,1.0,136.11999999999998,127,136.11999999999998,1.125984251968504,143,120.88979020979019,1800,0,95,129,1.3578947368421053,1.5052631578947369,181.97094736842104
2017-12-27,23063.18,216,215,1,1.0046296296296295,106.77398148148148,217,106.28193548387097,1.087557603686636,236,97.72533898305085,1803,3,124,217,1.75,1.903225806451613,185.9933870967742
2017-12-28,16538.93,155,152,3,1.0,106.7027741935484,155,106.7027741935484,1.1161290322580646,173,95.6007514450867,1806,3,104,157,1.5096153846153846,1.6634615384615385,159.02817307692308
2017-12-29,15045.98,153,149,4,1.0065359477124183,98.3397385620915,154,97.70116883116883,1.1168831168831168,172,87.47662790697674,1808,2,97,156,1.6082474226804124,1.7731958762886597,155.11319587628864
2017-12-30,10788.26,77,77,0,1.0,140.10727272727274,77,140.10727272727274,1.103896103896104,85,126.92070588235295,1810,2,58,78,1.3448275862068966,1.4655172413793103,186.0044827586207
2017-12-31,7214.96,64,63,1,1.0,112.73375,64,112.73375,1.0625,68,106.10235294117648,1811,1,45,64,1.4222222222222223,1.511111111111111,160.33244444444443
2018-01-01,6404.0,56,56,0,1.0,114.35714285714286,56,114.35714285714286,1.0892857142857142,61,104.98360655737704,1812,1,47,59,1.2553191489361701,1.297872340425532,136.25531914893617
2018-01-02,20553.43,161,157,4,1.0,127.66105590062112,161,127.66105590062112,1.1490683229813665,185,111.09962162162162,1818,6,110,164,1.490909090909091,1.6818181818181819,186.84936363636365
2018-01-03,32601.5,234,229,5,1.0042735042735043,139.32264957264957,235,138.72978723404256,1.1148936170212767,262,124.43320610687023,1822,4,146,236,1.6164383561643836,1.7945205479452055,223.29794520547946
2018-01-04,32787.38,250,243,7,1.0,131.14952,250,131.14952,1.092,273,120.10029304029302,1826,4,167,255,1.526946107784431,1.6347305389221556,196.33161676646705
2018-01-05,29687.03,212,207,5,1.009433962264151,140.03316037735848,214,138.72443925233645,1.1542056074766356,247,120.19040485829959,1830,4,149,222,1.4899328859060403,1.657718120805369,199.2418120805369
2018-01-06,28007.760000000002,226,219,7,1.008849557522124,123.92814159292037,228,122.84105263157896,1.1710526315789473,267,104.8979775280899,1837,7,149,234,1.570469798657718,1.7919463087248322,187.9715436241611
2018-01-07,25893.41,161,157,4,1.0,160.82863354037266,161,160.82863354037266,1.124223602484472,181,143.0575138121547,1840,3,113,161,1.424778761061947,1.6017699115044248,229.14522123893806
2018-01-08,30424.46,232,229,3,1.0043103448275863,131.13991379310343,233,130.57708154506437,1.1416309012875536,266,114.37766917293233,1840,0,150,235,1.5666666666666667,1.7733333333333334,202.82973333333334
2018-01-09,31363.29,237,235,2,1.0126582278481013,132.33455696202532,240,130.680375,1.1375,273,114.88384615384615,1844,4,159,244,1.5345911949685536,1.7169811320754718,197.2533962264151
2018-01-10,42064.24,345,333,12,1.0,121.92533333333333,345,121.92533333333333,1.1101449275362318,383,109.82830287206266,1853,9,195,347,1.7794871794871794,1.964102564102564,215.71405128205126
2018-01-11,34566.11,253,246,7,1.0,136.62494071146244,253,136.62494071146244,1.08300395256917,274,126.15368613138686,1858,5,151,255,1.6887417218543046,1.814569536423841,228.9146357615894
2018-01-12,39668.6,258,252,6,1.003875968992248,153.75426356589148,259,153.16061776061775,1.1737451737451738,304,130.48881578947368,1861,3,160,265,1.65625,1.9,247.92874999999998
2018-01-13,33480.41,244,234,10,1.0040983606557377,137.21479508196722,245,136.65473469387757,1.2285714285714286,301,111.23059800664453,1866,5,162,253,1.5617283950617284,1.8580246913580247,206.6691975308642
2018-01-14,24040.41,176,170,6,1.0113636363636365,136.59323863636362,178,135.0584831460674,1.101123595505618,196,122.6551530612245,1871,5,129,180,1.3953488372093024,1.5193798449612403,186.35976744186047
2018-01-15,34276.17,252,243,9,1.007936507936508,136.0165476190476,254,134.94555118110236,1.0984251968503937,279,122.85365591397849,1877,6,175,258,1.4742857142857142,1.5942857142857143,195.86382857142857
2018-01-16,53421.42,370,360,10,1.018918918918919,144.38221621621622,377,141.70137931034483,1.1591511936339522,437,122.2458123569794,1880,3,209,384,1.8373205741626795,2.090909090909091,255.60488038277512
2018-01-17,35180.4,297,289,8,1.0033670033670035,118.45252525252526,298,118.05503355704698,1.0973154362416107,327,107.58532110091744,1883,3,180,301,1.6722222222222223,1.8166666666666667,195.4466666666667
2018-01-18,30324.510000000002,235,234,1,1.025531914893617,129.0404680851064,241,125.82784232365147,1.1244813278008299,271,111.89856088560886,1890,7,144,244,1.6944444444444444,1.8819444444444444,210.58687500000002
2018-01-19,28285.28,214,210,4,1.0093457943925233,132.17420560747664,216,130.95037037037036,1.1388888888888888,246,114.98081300813007,1893,3,138,219,1.5869565217391304,1.7826086956521738,204.96579710144925
2018-01-20,27180.67,214,209,5,1.0046728971962617,127.012476635514,215,126.42172093023255,1.1255813953488372,242,112.31681818181818,1898,5,143,217,1.5174825174825175,1.6923076923076923,190.07461538461538
2018-01-21,397.7,5,5,0,1.0,79.53999999999999,5,79.53999999999999,1.0,5,79.53999999999999,1898,0,5,5,1.0,1.0,79.53999999999999
2018-01-22,47946.71,398,391,7,1.015075376884422,120.46912060301507,404,118.67997524752475,1.118811881188119,452,106.07679203539823,1909,11,211,410,1.9431279620853081,2.1421800947867298,227.2355924170616
2018-01-23,37046.16,319,311,8,1.0125391849529781,116.1321630094044,323,114.69399380804954,1.151702786377709,372,99.58645161290323,1911,2,199,327,1.64321608040201,1.8693467336683418,186.16160804020103
2018-01-24,35615.590000000004,264,259,5,1.0075757575757576,134.9075378787879,266,133.89319548872183,1.1428571428571428,304,117.1565460526316,1917,6,178,270,1.5168539325842696,1.7078651685393258,200.08758426966295
2018-01-25,31486.87,222,215,7,1.027027027027027,141.83274774774773,228,138.10030701754386,1.0833333333333333,247,127.47720647773279,1920,3,156,231,1.4807692307692308,1.5833333333333333,201.83891025641026
2018-01-26,31876.81,246,240,6,1.008130081300813,129.58052845528456,248,128.53552419354838,1.1653225806451613,289,110.30038062283738,1931,11,161,251,1.5590062111801242,1.795031055900621,197.9926086956522
2018-01-27,29820.98,180,178,2,1.0166666666666666,165.67211111111112,183,162.956174863388,1.1311475409836065,207,144.06270531400966,1934,3,129,189,1.4651162790697674,1.6046511627906976,231.17038759689922
2018-01-28,17387.82,121,119,2,1.0082644628099173,143.7009917355372,122,142.52311475409834,1.0737704918032787,131,132.7314503816794,1934,0,94,122,1.297872340425532,1.3936170212765957,184.9768085106383
2018-01-29,29254.34,202,198,4,1.0148514851485149,144.82346534653465,205,142.7040975609756,1.1902439024390243,244,119.89483606557377,1940,6,146,212,1.452054794520548,1.6712328767123288,200.3721917808219
2018-01-30,32249.489999999998,268,260,8,1.0186567164179106,120.33391791044775,273,118.13,1.1721611721611722,320,100.77965624999999,1944,4,173,277,1.6011560693641618,1.8497109826589595,186.41323699421963
2018-01-31,29599.62,223,221,2,1.0044843049327354,132.73372197309416,224,132.14116071428572,1.1339285714285714,254,116.53393700787402,1950,6,145,225,1.5517241379310345,1.7517241379310344,204.1353103448276
2018-02-01,32101.170000000002,241,233,8,1.016597510373444,133.1998755186722,245,131.0251836734694,1.2,294,109.1876530612245,1955,5,169,247,1.4615384615384615,1.7396449704142012,189.94775147928996
2018-02-02,26401.94,215,211,4,1.0186046511627906,122.79972093023255,219,120.55680365296803,1.1461187214611872,251,105.18701195219123,1959,4,143,220,1.5384615384615385,1.7552447552447552,184.62895104895105
2018-02-03,24783.260000000002,210,205,5,1.0095238095238095,118.01552380952381,212,116.90216981132076,1.150943396226415,244,101.57073770491805,1965,6,152,215,1.4144736842105263,1.605263157894737,163.04776315789476
2018-02-04,26088.43,199,196,3,1.0,131.09763819095477,199,131.09763819095477,1.100502512562814,219,119.12525114155251,1974,9,151,203,1.3443708609271523,1.4503311258278146,172.77105960264902
2018-02-05,28702.69,209,204,5,1.0287081339712918,137.33344497607655,215,133.50088372093023,1.1441860465116278,246,116.67760162601625,1974,0,137,220,1.6058394160583942,1.7956204379562044,209.50868613138684
2018-02-06,38452.58,312,304,8,1.016025641025641,123.24544871794872,317,121.30151419558361,1.1230283911671923,356,108.01286516853934,1982,8,193,318,1.6476683937823835,1.8445595854922279,199.2361658031088
2018-02-07,29332.41,248,240,8,1.0161290322580645,118.27584677419355,252,116.39845238095238,1.119047619047619,282,104.01563829787234,1984,2,160,252,1.575,1.7625,183.3275625
2018-02-08,33107.67,248,243,5,1.0080645161290323,133.4986693548387,250,132.43068,1.148,287,115.35773519163763,1986,2,156,251,1.608974358974359,1.8397435897435896,212.22865384615383
2018-02-09,29766.88,192,187,5,1.0104166666666667,155.03583333333333,194,153.4375257731959,1.1288659793814433,219,135.92182648401828,1988,2,139,194,1.39568345323741,1.5755395683453237,214.15021582733814
2018-02-10,26681.1,208,204,4,1.0288461538461537,128.27451923076922,214,124.67803738317757,1.0841121495327102,232,115.00474137931033,1991,3,142,216,1.5211267605633803,1.6338028169014085,187.8950704225352
2018-02-11,21278.53,146,141,5,1.0136986301369864,145.74335616438356,148,143.77385135135134,1.087837837837838,161,132.16478260869565,1992,1,106,148,1.3962264150943395,1.5188679245283019,200.74084905660376
2018-02-12,18281.03,174,169,5,1.0172413793103448,105.06339080459769,177,103.28265536723163,1.1807909604519775,209,87.46904306220095,1992,0,123,178,1.4471544715447155,1.6991869918699187,148.62626016260162
2018-02-13,19701.34,181,179,2,1.022099447513812,108.84718232044199,185,106.49372972972974,1.1891891891891893,220,89.55154545454546,1995,3,130,187,1.4384615384615385,1.6923076923076923,151.54876923076924
2018-02-14,27172.79,215,210,5,1.0232558139534884,126.38506976744186,220,123.51268181818182,1.1636363636363636,256,106.1437109375,1998,3,160,222,1.3875,1.6,169.8299375
2018-02-15,38589.28,331,323,8,1.0332326283987916,116.58392749244713,342,112.83415204678363,1.1111111111111112,380,101.55073684210527,2004,6,190,344,1.8105263157894738,2.0,203.10147368421053
2018-02-16,36408.12,279,275,4,1.025089605734767,130.49505376344086,286,127.3011188811189,1.167832167832168,334,109.00634730538923,2010,6,185,290,1.5675675675675675,1.8054054054054054,196.80064864864866
2018-02-17,27456.76,224,216,8,1.0089285714285714,122.57482142857143,226,121.49008849557521,1.1460176991150441,259,106.01065637065636,2018,8,151,227,1.5033112582781456,1.7152317880794703,181.8328476821192
2018-02-18,21091.6,177,174,3,1.0169491525423728,119.16158192090394,180,117.17555555555555,1.15,207,101.89178743961352,2019,1,126,182,1.4444444444444444,1.6428571428571428,167.39365079365078
2018-02-19,23222.38,196,193,3,1.0051020408163265,118.48153061224491,197,117.88010152284265,1.1065989847715736,218,106.52467889908257,2020,1,123,197,1.6016260162601625,1.7723577235772359,188.799837398374
2018-02-20,37737.22,316,307,9,1.009493670886076,119.42158227848101,319,118.29849529780564,1.1379310344827587,363,103.95928374655648,2025,5,194,323,1.6649484536082475,1.8711340206185567,194.5217525773196
2018-02-21,33773.29,262,257,5,1.0305343511450382,128.90568702290076,270,125.08625925925926,1.0925925925925926,295,114.48572881355932,2033,8,169,270,1.5976331360946745,1.7455621301775148,199.8419526627219
2018-02-22,31039.71,279,276,3,1.014336917562724,111.25344086021505,283,109.68095406360423,1.2473498233215548,353,87.93118980169972,2039,6,173,284,1.6416184971098267,2.040462427745665,179.42028901734105
2018-02-23,32446.97,249,243,6,1.036144578313253,130.30911646586347,258,125.76344961240311,1.1434108527131783,295,109.98972881355932,2043,4,165,259,1.5696969696969696,1.7878787878787878,196.64830303030303
2018-02-24,28299.08,209,207,2,1.014354066985646,135.40229665071772,212,133.48622641509434,1.240566037735849,263,107.60106463878327,2049,6,157,214,1.3630573248407643,1.6751592356687899,180.24891719745224
2018-02-25,21742.6,174,170,4,1.0057471264367817,124.95747126436781,175,124.24342857142857,1.12,196,110.93163265306121,2054,5,124,177,1.4274193548387097,1.5806451612903225,175.34354838709677
2018-02-26,33698.76,223,215,8,1.0358744394618835,151.11551569506727,231,145.88207792207794,1.1082251082251082,256,131.63578125,2057,3,146,234,1.6027397260273972,1.7534246575342465,230.81342465753426
2018-02-27,44469.28,345,336,9,1.0434782608695652,128.89646376811595,360,123.52577777777778,1.1722222222222223,422,105.37744075829383,2066,9,216,362,1.6759259259259258,1.9537037037037037,205.8762962962963
2018-02-28,45336.41,287,284,3,1.0069686411149825,157.96658536585366,289,156.87339100346023,1.179930795847751,341,132.95134897360705,2070,4,180,294,1.6333333333333333,1.8944444444444444,251.86894444444445
2018-03-01,44128.42,300,293,7,1.0166666666666666,147.09473333333332,305,144.68334426229507,1.1868852459016392,362,121.90171270718231,2078,8,190,307,1.6157894736842104,1.9052631578947368,232.25484210526315
2018-03-02,35841.6,270,266,4,1.025925925925926,132.74666666666667,277,129.39205776173284,1.111913357400722,308,116.36883116883116,2079,1,173,282,1.630057803468208,1.7803468208092486,207.17687861271676
2018-03-03,30689.4,244,241,3,1.0204918032786885,125.77622950819672,249,123.25060240963856,1.108433734939759,276,111.19347826086957,2079,0,159,249,1.5660377358490567,1.7358490566037736,193.01509433962266
2018-03-04,27042.78,195,191,4,1.0256410256410255,138.68092307692308,200,135.2139,1.07,214,126.36813084112148,2079,0,140,201,1.4357142857142857,1.5285714285714285,193.1627142857143
2018-03-05,30009.35,206,198,8,1.0194174757281553,145.6764563106796,210,142.90166666666667,1.1904761904761905,250,120.03739999999999,2080,1,145,212,1.4620689655172414,1.7241379310344827,206.9610344827586
2018-03-06,48358.19,326,319,7,1.00920245398773,148.33800613496933,329,146.98537993920974,1.1337386018237081,373,129.6466219839142,2082,2,187,333,1.7807486631016043,1.9946524064171123,258.5999465240642
2018-03-07,33355.23,260,255,5,1.0115384615384615,128.28934615384617,263,126.82596958174906,1.091254752851711,287,116.22031358885019,2087,5,155,264,1.7032258064516128,1.8516129032258064,215.19503225806454
2018-03-08,29122.98,213,210,3,1.0046948356807512,136.72760563380282,214,136.08869158878505,1.1401869158878504,244,119.35647540983607,2092,5,156,216,1.3846153846153846,1.564102564102564,186.68576923076924
2018-03-09,29849.38,245,236,9,1.0122448979591836,121.83420408163266,248,120.36040322580645,1.185483870967742,294,101.52850340136055,2094,2,143,250,1.7482517482517483,2.055944055944056,208.7369230769231
2018-03-10,29795.2,205,200,5,1.0048780487804878,145.34243902439025,206,144.6368932038835,1.0776699029126213,222,134.21261261261262,2096,2,135,208,1.5407407407407407,1.6444444444444444,220.7051851851852
2018-03-11,27685.1,187,186,1,1.0053475935828877,148.04866310160426,188,147.26117021276596,1.127659574468085,212,130.59009433962262,2100,4,153,189,1.2352941176470589,1.3856209150326797,180.94836601307188
2018-03-12,26259.66,190,186,4,1.0052631578947369,138.20873684210525,191,137.48513089005235,1.1099476439790577,212,123.86632075471698,2105,5,140,193,1.3785714285714286,1.5142857142857142,187.569
2018-03-13,35105.07,255,248,7,1.007843137254902,137.6669411764706,257,136.59560311284048,1.1673151750972763,300,117.01689999999999,2109,4,165,257,1.5575757575757576,1.8181818181818181,212.758
2018-03-14,32559.72,200,191,9,1.0,162.7986,200,162.7986,1.16,232,140.34362068965518,2115,6,140,202,1.4428571428571428,1.6571428571428573,232.56942857142857
2018-03-15,39058.63,277,269,8,1.0036101083032491,141.00588447653428,278,140.49866906474819,1.129496402877698,314,124.39054140127388,2118,3,173,279,1.6127167630057804,1.8150289017341041,225.77242774566471
2018-03-16,33219.15,259,252,7,1.0115830115830116,128.25926640926642,262,126.79064885496184,1.1793893129770991,309,107.50533980582524,2123,5,178,265,1.4887640449438202,1.7359550561797752,186.6244382022472
2018-03-17,27114.03,219,214,5,1.004566210045662,123.80835616438355,220,123.24559090909091,1.1090909090909091,244,111.1230737704918,2129,6,155,221,1.4258064516129032,1.5741935483870968,174.9292258064516
2018-03-18,27412.22,174,169,5,1.0229885057471264,157.54149425287358,178,154.0012359550562,1.0842696629213484,193,142.0322279792746,2131,2,136,180,1.3235294117647058,1.4191176470588236,201.5604411764706
2018-03-19,35465.31,235,234,1,1.0127659574468084,150.91621276595743,238,149.0139075630252,1.1176470588235294,266,133.32823308270676,2136,5,158,243,1.5379746835443038,1.6835443037974684,224.46398734177214
2018-03-20,39125.26,320,313,7,1.009375,122.26643750000001,323,121.1308359133127,1.1640866873065014,376,104.05654255319149,2138,2,198,327,1.6515151515151516,1.898989898989899,197.60232323232324
2018-03-21,39103.15,313,302,11,1.0031948881789137,124.93019169329074,314,124.53232484076433,1.1560509554140128,363,107.72217630853994,2145,7,209,318,1.5215311004784688,1.736842105263158,187.0964114832536
2018-03-22,38808.41,264,257,7,1.0075757575757576,147.00155303030306,266,145.89627819548875,1.1917293233082706,317,122.42400630914828,2152,7,174,271,1.5574712643678161,1.8218390804597702,223.0368390804598
2018-03-23,31821.03,239,234,5,1.0125523012552302,133.1423849372385,242,131.49185950413224,1.1611570247933884,281,113.2420996441281,2158,6,162,248,1.5308641975308641,1.7345679012345678,196.4261111111111
2018-03-24,24506.83,176,170,6,1.0,139.2433522727273,176,139.2433522727273,1.1704545454545454,206,118.96519417475729,2161,3,139,181,1.3021582733812949,1.4820143884892085,176.3081294964029
2018-03-25,22530.23,152,150,2,1.0,148.22519736842105,152,148.22519736842105,1.1842105263157894,180,125.16794444444444,2163,2,127,155,1.220472440944882,1.4173228346456692,177.40338582677165
2018-03-26,30178.15,222,215,7,1.0045045045045045,135.9376126126126,223,135.3280269058296,1.188340807174888,265,113.87981132075473,2164,1,159,227,1.4276729559748427,1.6666666666666667,189.7996855345912
2018-03-27,35505.13,286,280,6,1.0,124.14381118881118,286,124.14381118881118,1.1748251748251748,336,105.67002976190476,2171,7,196,295,1.5051020408163265,1.7142857142857142,181.14862244897958
2018-03-28,29029.33,226,223,3,1.0044247787610618,128.44836283185842,227,127.88251101321586,1.1145374449339207,253,114.7404347826087,2173,2,150,230,1.5333333333333334,1.6866666666666668,193.5288666666667
2018-03-29,32153.84,224,219,5,1.0,143.54392857142858,224,143.54392857142858,1.1383928571428572,255,126.09349019607843,2179,6,148,226,1.527027027027027,1.722972972972973,217.2556756756757
2018-03-30,22669.19,177,167,10,1.0,128.0745197740113,177,128.0745197740113,1.112994350282486,197,115.07203045685279,2184,5,138,182,1.318840579710145,1.4275362318840579,164.26949275362318
2018-03-31,25480.13,142,137,5,1.028169014084507,179.4375352112676,146,174.5214383561644,1.143835616438356,167,152.57562874251497,2185,1,118,148,1.2542372881355932,1.4152542372881356,215.93330508474577
2018-04-01,22874.11,161,158,3,1.0,142.07521739130436,161,142.07521739130436,1.1366459627329193,183,124.99513661202187,2188,3,115,165,1.434782608695652,1.5913043478260869,198.9053043478261
2018-04-02,35809.37,231,226,5,1.0043290043290043,155.01891774891777,232,154.3507327586207,1.1724137931034482,272,131.6520955882353,2191,3,160,237,1.48125,1.7,223.80856250000002
2018-04-03,41188.44,302,294,8,1.0,136.38556291390728,302,136.38556291390728,1.1655629139072847,352,117.01261363636364,2196,5,196,307,1.566326530612245,1.7959183673469388,210.14510204081634
2018-04-04,36949.17,264,261,3,1.003787878787879,139.95897727272725,265,139.43083018867924,1.0867924528301887,288,128.29572916666666,2209,13,187,269,1.4385026737967914,1.5401069518716577,197.58914438502674
2018-04-05,41717.39,266,254,12,1.0075187969924813,156.8322932330827,268,155.66190298507462,1.126865671641791,302,138.13705298013244,2220,11,183,269,1.469945355191257,1.650273224043716,227.96387978142076
2018-04-06,27946.12,213,206,7,1.0,131.202441314554,213,131.202441314554,1.15962441314554,247,113.14218623481781,2231,11,163,218,1.3374233128834356,1.5153374233128833,171.44858895705522
2018-04-07,26680.9,173,166,7,1.0115606936416186,154.2248554913295,175,152.4622857142857,1.1085714285714285,194,137.53041237113402,2237,6,129,178,1.37984496124031,1.503875968992248,206.82868217054263
2018-04-08,17695.36,148,142,6,1.0067567567567568,119.56324324324325,149,118.76080536912752,1.1342281879194631,169,104.70627218934912,2243,6,129,154,1.193798449612403,1.310077519379845,137.17333333333335
2018-04-09,29087.45,181,179,2,1.0055248618784531,160.70414364640885,182,159.82115384615386,1.1593406593406594,211,137.85521327014217,2246,3,141,184,1.3049645390070923,1.49645390070922,206.2939716312057
2018-04-10,51317.19,307,297,10,1.003257328990228,167.1569706840391,308,166.61425324675326,1.1331168831168832,349,147.04065902578796,2252,6,210,311,1.480952380952381,1.661904761904762,244.36757142857144
2018-04-11,38472.22,228,217,11,1.0043859649122806,168.73780701754387,229,168.00096069868997,1.1397379912663756,261,147.40314176245212,2260,8,165,231,1.4,1.5818181818181818,233.1649696969697
2018-04-12,20406.3,152,149,3,1.0,134.25197368421053,152,134.25197368421053,1.138157894736842,173,117.95549132947977,2266,6,118,154,1.305084745762712,1.4661016949152543,172.93474576271186
2018-04-13,48251.12,337,325,12,1.0,143.17839762611277,337,143.17839762611277,1.0949554896142433,369,130.7618428184282,2282,16,240,343,1.4291666666666667,1.5375,201.04633333333334
2018-04-14,23366.93,171,167,4,1.0116959064327486,136.6487134502924,173,135.06895953757225,1.2196531791907514,211,110.74374407582938,2285,3,127,179,1.4094488188976377,1.6614173228346456,183.9915748031496
2018-04-15,25150.75,178,175,3,1.0112359550561798,141.29634831460675,180,139.7263888888889,1.2055555555555555,217,115.90207373271889,2291,6,136,186,1.3676470588235294,1.5955882352941178,184.93198529411765
2018-04-16,35198.57,223,220,3,1.0044843049327354,157.84112107623318,224,157.1364732142857,1.1473214285714286,257,136.95941634241245,2301,10,171,229,1.3391812865497077,1.5029239766081872,205.83959064327485
2018-04-17,41012.49,316,302,14,1.0063291139240507,129.78636075949368,318,128.97009433962265,1.2106918238993711,385,106.52594805194805,2309,8,197,329,1.6700507614213198,1.9543147208121827,208.18522842639592
2018-04-18,38471.61,274,268,6,1.0036496350364963,140.40733576642336,275,139.89676363636363,1.0981818181818181,302,127.38943708609271,2314,5,191,277,1.450261780104712,1.581151832460733,201.42204188481676
2018-04-19,44899.42,295,286,9,1.006779661016949,152.20142372881355,297,151.1764983164983,1.2525252525252526,372,120.69736559139784,2318,4,195,300,1.5384615384615385,1.9076923076923078,230.25343589743588
2018-04-20,19034.1,113,110,3,1.0,168.4433628318584,113,168.4433628318584,1.1858407079646018,134,142.04552238805968,2323,5,88,115,1.3068181818181819,1.5227272727272727,216.2965909090909
2018-04-24,132994.94,987,963,24,1.0030395136778116,134.74664640324215,990,134.33832323232323,1.1353535353535353,1124,118.3229003558719,2351,28,450,1016,2.2577777777777777,2.497777777777778,295.54431111111114
2018-04-25,45100.85,305,295,10,1.0032786885245901,147.8716393442623,306,147.38839869281045,1.15359477124183,353,127.76444759206798,2357,6,208,314,1.5096153846153846,1.6971153846153846,216.8310096153846
2018-04-26,33924.89,241,235,6,1.0,140.76717842323652,241,140.76717842323652,1.157676348547718,279,121.59458781362007,2363,6,163,243,1.49079754601227,1.7116564417177915,208.12815950920245
2018-04-27,37853.38,264,254,10,1.003787878787879,143.38401515151514,265,142.84294339622642,1.1320754716981132,300,126.17793333333333,2368,5,172,269,1.563953488372093,1.744186046511628,220.0777906976744
2018-04-28,29593.09,185,178,7,1.0,159.96264864864864,185,159.96264864864864,1.1837837837837837,219,135.12826484018265,2376,8,124,188,1.5161290322580645,1.7661290322580645,238.65395161290323
2018-04-29,18147.69,135,132,3,1.0,134.42733333333334,135,134.42733333333334,1.1037037037037036,149,121.79657718120805,2379,3,113,140,1.238938053097345,1.3185840707964602,160.59902654867255
2018-04-30,13705.95,97,93,4,1.0,141.29845360824743,97,141.29845360824743,1.1649484536082475,113,121.29159292035399,2382,3,84,99,1.1785714285714286,1.3452380952380953,163.16607142857143
2018-05-01,51008.45,406,391,15,1.0,125.63657635467979,406,125.63657635467979,1.1280788177339902,458,111.37216157205239,2390,8,243,411,1.691358024691358,1.8847736625514404,209.91131687242796
2018-05-02,30875.73,223,219,4,1.0044843049327354,138.45618834080716,224,137.83808035714284,1.1383928571428572,255,121.08129411764706,2399,9,148,227,1.5337837837837838,1.722972972972973,208.61979729729728
2018-05-03,45734.23,332,322,10,1.0060240963855422,137.75370481927712,334,136.92883233532936,1.1736526946107784,392,116.66895408163266,2410,11,208,338,1.625,1.8846153846153846,219.87610576923078
2018-05-04,43122.62,275,265,10,1.0036363636363637,156.80952727272728,276,156.24137681159422,1.1666666666666667,322,133.9211801242236,2418,8,183,282,1.540983606557377,1.7595628415300546,235.64273224043717
2018-05-05,30988.72,231,224,7,1.0,134.15030303030304,231,134.15030303030304,1.1428571428571428,264,117.38151515151516,2421,3,164,236,1.4390243902439024,1.6097560975609757,188.95560975609757
2018-05-06,11567.75,85,83,2,1.0,136.09117647058824,85,136.09117647058824,1.0588235294117647,90,128.53055555555557,2421,0,72,85,1.1805555555555556,1.25,160.66319444444446
2018-05-07,55241.130000000005,352,335,17,1.0028409090909092,156.93502840909093,353,156.4904532577904,1.1473087818696883,405,136.39785185185187,2435,14,242,358,1.4793388429752066,1.6735537190082646,228.26913223140497
2018-05-08,60324.55,420,411,9,1.0047619047619047,143.62988095238097,422,142.94917061611375,1.1563981042654028,488,123.61588114754099,2444,9,249,426,1.7108433734939759,1.9598393574297188,242.26726907630524
2018-05-09,41050.42,334,324,10,1.0059880239520957,122.9054491017964,336,122.17386904761904,1.1220238095238095,377,108.88705570291776,2451,7,204,343,1.6813725490196079,1.8480392156862746,201.22754901960784
2018-05-10,49681.06,304,294,10,1.006578947368421,163.4245394736842,306,162.35640522875815,1.1928104575163399,365,136.1124931506849,2457,6,200,310,1.55,1.825,248.40529999999998
2018-05-11,41533.81,278,270,8,1.0,149.40219424460432,278,149.40219424460432,1.1654676258992807,324,128.19077160493828,2466,9,186,280,1.5053763440860215,1.7419354838709677,223.30005376344084
2018-05-12,35316.64,218,209,9,1.0,162.0029357798165,218,162.0029357798165,1.2064220183486238,263,134.28380228136882,2473,7,157,223,1.4203821656050954,1.6751592356687899,224.9467515923567
2018-05-13,25784.32,174,169,5,1.0057471264367817,148.18574712643678,175,147.33897142857143,1.1942857142857144,209,123.36995215311005,2480,7,131,181,1.381679389312977,1.5954198473282444,196.82687022900762
2018-05-14,41711.95,290,281,9,1.0,143.83431034482757,290,143.83431034482757,1.1379310344827587,330,126.39984848484848,2487,7,191,294,1.5392670157068062,1.7277486910994764,218.3871727748691
2018-05-15,53784.44,384,377,7,1.0052083333333333,140.06364583333334,386,139.3379274611399,1.1839378238341969,457,117.69024070021882,2495,8,233,394,1.6909871244635193,1.96137339055794,230.83450643776825
2018-05-16,47551.02,367,356,11,1.002724795640327,129.5668119891008,368,129.21472826086955,1.127717391304348,415,114.58077108433734,2504,9,241,374,1.5518672199170125,1.7219917012448134,197.30713692946057
2018-05-17,19267.27,126,123,3,1.0,152.91484126984128,126,152.91484126984128,1.1587301587301588,146,131.96760273972603,2506,2,101,127,1.2574257425742574,1.4455445544554455,190.7650495049505
2018-05-18,58518.34,376,364,12,1.0079787234042554,155.6338829787234,379,154.4019525065963,1.1530343007915567,437,133.90924485125856,2510,4,231,387,1.6753246753246753,1.8917748917748918,253.32614718614718
2018-05-19,21135.77,145,142,3,1.0,145.76393103448277,145,145.76393103448277,1.206896551724138,175,120.77582857142858,2513,3,120,147,1.225,1.4583333333333333,176.13141666666667
2018-05-20,18675.62,161,156,5,1.0,115.99763975155278,161,115.99763975155278,1.1180124223602483,180,103.75344444444444,2518,5,123,161,1.3089430894308942,1.4634146341463414,151.8343089430894
2018-05-21,18424.760000000002,131,128,3,1.0,140.64702290076337,131,140.64702290076337,1.2213740458015268,160,115.15475,2520,2,109,135,1.238532110091743,1.4678899082568808,169.03449541284405
2018-05-22,34986.11,256,242,14,1.01171875,136.6644921875,259,135.0815057915058,1.1776061776061777,305,114.70855737704919,2528,8,171,265,1.5497076023391814,1.7836257309941521,204.59713450292398
2018-05-23,25185.02,166,164,2,1.0,151.71698795180723,166,151.71698795180723,1.180722891566265,196,128.495,2532,4,121,169,1.396694214876033,1.6198347107438016,208.1406611570248
2018-05-24,20299.99,119,112,7,1.0,170.58815126050422,119,170.58815126050422,1.1596638655462186,138,147.1013768115942,2535,3,101,122,1.2079207920792079,1.3663366336633664,200.99
2018-05-25,13677.59,100,95,5,1.0,136.7759,100,136.7759,1.21,121,113.03793388429752,2539,4,82,102,1.2439024390243902,1.475609756097561,166.7998780487805
2018-05-26,21704.15,122,115,7,1.0,177.90286885245902,122,177.90286885245902,1.2049180327868851,147,147.64727891156463,2540,1,89,124,1.3932584269662922,1.651685393258427,243.8668539325843
2018-05-27,9054.92,83,80,3,1.0,109.09542168674699,83,109.09542168674699,1.108433734939759,92,98.42304347826087,2540,0,76,85,1.118421052631579,1.2105263157894737,119.14368421052632
2018-05-28,22527.49,118,111,7,1.0,190.91093220338985,118,190.91093220338985,1.1610169491525424,137,164.43423357664236,2547,7,98,120,1.2244897959183674,1.3979591836734695,229.87234693877554
2018-05-29,22954.579999999998,158,150,8,1.0126582278481013,145.28215189873416,160,143.46612499999998,1.1625,186,123.41172043010752,2549,2,121,167,1.3801652892561984,1.537190082644628,189.7072727272727
2018-05-30,23954.99,148,145,3,1.0,161.85804054054054,148,161.85804054054054,1.114864864864865,165,145.1817575757576,2553,4,121,150,1.2396694214876034,1.3636363636363635,197.97512396694216
2018-05-31,22830.53,141,136,5,1.0070921985815602,161.9186524822695,142,160.77838028169012,1.1267605633802817,160,142.6908125,2558,5,113,143,1.2654867256637168,1.415929203539823,202.04008849557522
2018-06-01,25044.93,145,140,5,1.013793103448276,172.7236551724138,147,170.37367346938777,1.1428571428571428,168,149.0769642857143,2562,4,116,149,1.2844827586206897,1.4482758620689655,215.90456896551726
2018-06-02,33109.26,164,160,4,1.0,201.8857317073171,164,201.8857317073171,1.1341463414634145,186,178.0067741935484,2565,3,127,169,1.330708661417323,1.4645669291338583,260.7028346456693
2018-06-03,25585.61,155,144,11,1.0064516129032257,165.06845161290323,156,164.01032051282053,1.1538461538461537,180,142.1422777777778,2568,3,123,160,1.3008130081300813,1.4634146341463414,208.01308943089433
2018-06-04,21262.07,177,169,8,1.0056497175141244,120.12468926553672,178,119.44983146067416,1.1348314606741574,202,105.25777227722772,2574,6,131,184,1.4045801526717556,1.5419847328244274,162.30587786259542
2018-06-05,41293.53,264,258,6,1.0075757575757576,156.41488636363636,266,155.23883458646617,1.1616541353383458,309,133.63601941747572,2585,11,190,273,1.436842105263158,1.6263157894736842,217.33436842105263
2018-06-06,26694.47,217,207,10,1.0046082949308757,123.01599078341015,218,122.45169724770643,1.2293577981651376,268,99.60623134328358,2588,3,157,220,1.4012738853503184,1.7070063694267517,170.02847133757962
2018-06-07,37701.1,232,221,11,1.0,162.50474137931033,232,162.50474137931033,1.1508620689655173,267,141.20262172284643,2594,6,171,236,1.3801169590643274,1.5614035087719298,220.47426900584796
2018-06-08,23986.69,198,193,5,1.0,121.14489898989898,198,121.14489898989898,1.1767676767676767,233,102.94716738197424,2599,5,144,201,1.3958333333333333,1.6180555555555556,166.5742361111111
2018-06-09,32941.71,197,187,10,1.0,167.21680203045685,197,167.21680203045685,1.1269035532994924,222,148.38608108108107,2606,7,151,201,1.3311258278145695,1.4701986754966887,218.15701986754965
2018-06-10,19244.9,142,139,3,1.0,135.5274647887324,142,135.5274647887324,1.147887323943662,163,118.06687116564419,2608,2,117,144,1.2307692307692308,1.393162393162393,164.4863247863248
2018-06-11,40369.49,256,248,8,1.0,157.6933203125,256,157.6933203125,1.10546875,283,142.64837455830389,2619,11,178,263,1.4775280898876404,1.5898876404494382,226.79488764044942
2018-06-12,49687.94,292,280,12,1.0,170.1641780821918,292,170.1641780821918,1.1917808219178083,348,142.78143678160922,2625,6,207,298,1.4396135265700483,1.681159420289855,240.03835748792272
2018-06-13,38889.56,260,254,6,1.0,149.57523076923076,260,149.57523076923076,1.1692307692307693,304,127.9261842105263,2641,16,194,267,1.3762886597938144,1.5670103092783505,200.46164948453608
2018-06-14,28801.07,241,229,12,1.0,119.50651452282158,241,119.50651452282158,1.157676348547718,279,103.22964157706093,2650,9,171,246,1.4385964912280702,1.631578947368421,168.42730994152046
2018-06-15,25806.37,187,186,1,1.0053475935828877,138.00197860962567,188,137.2679255319149,1.1170212765957446,210,122.88747619047619,2655,5,152,191,1.256578947368421,1.381578947368421,169.77875
2018-06-16,21446.71,140,137,3,1.0071428571428571,153.1907857142857,141,152.10432624113474,1.0921985815602837,154,139.26435064935063,2658,3,116,144,1.2413793103448276,1.3275862068965518,184.88543103448276
2018-06-17,15453.03,135,128,7,1.0,114.46688888888889,135,114.46688888888889,1.162962962962963,157,98.42694267515924,2661,3,112,139,1.2410714285714286,1.4017857142857142,137.97348214285714
2018-06-18,29321.41,212,203,9,1.0047169811320755,138.30853773584906,213,137.65920187793427,1.107981220657277,236,124.2432627118644,2665,4,153,213,1.392156862745098,1.542483660130719,191.64320261437908
2018-06-19,40703.94,288,282,6,1.0,141.333125,288,141.333125,1.1388888888888888,328,124.0973780487805,2675,10,180,289,1.6055555555555556,1.8222222222222222,226.133
2018-06-20,30514.04,213,199,14,1.0,143.25840375586856,213,143.25840375586856,1.1314553990610328,241,126.61427385892117,2680,5,160,215,1.34375,1.50625,190.71275
2018-06-21,27116.85,213,206,7,1.0,127.30915492957746,213,127.30915492957746,1.15962441314554,247,109.78481781376517,2687,7,145,219,1.5103448275862068,1.703448275862069,187.01275862068965
2018-06-22,25115.260000000002,170,167,3,1.0,147.73682352941177,170,147.73682352941177,1.1411764705882352,194,129.46010309278353,2696,9,132,170,1.2878787878787878,1.4696969696969697,190.26712121212122
2018-06-23,20248.9,194,183,11,1.0051546391752577,104.37577319587629,195,103.84051282051283,1.1435897435897435,223,90.80224215246638,2705,9,144,197,1.3680555555555556,1.5486111111111112,140.6173611111111
2018-06-24,18295.4,168,162,6,1.0,108.90119047619048,168,108.90119047619048,1.0892857142857142,183,99.97486338797815,2707,2,127,174,1.3700787401574803,1.4409448818897639,144.05826771653545
2018-06-25,31758.79,190,186,4,1.0,167.15152631578948,190,167.15152631578948,1.1894736842105262,226,140.52561946902657,2716,9,149,193,1.2953020134228188,1.516778523489933,213.14624161073826
2018-06-26,37507.93,284,276,8,1.0035211267605635,132.07017605633803,285,131.60677192982456,1.1543859649122807,329,114.00586626139818,2726,10,193,290,1.5025906735751295,1.7046632124352332,194.34160621761657
2018-06-27,26855.08,216,211,5,1.0,124.32907407407409,216,124.32907407407409,1.1296296296296295,244,110.06180327868853,2733,7,165,220,1.3333333333333333,1.4787878787878788,162.7580606060606
2018-06-28,33312.31,253,243,10,1.0039525691699605,131.669209486166,254,131.15082677165353,1.1535433070866141,293,113.69389078498293,2741,8,195,259,1.3282051282051281,1.5025641025641026,170.83235897435895
2018-06-29,23028.920000000002,196,193,3,1.0,117.49448979591838,196,117.49448979591838,1.2040816326530612,236,97.58016949152544,2743,2,149,197,1.3221476510067114,1.5838926174496644,154.55651006711412
2018-06-30,18422.97,144,139,5,1.0069444444444444,127.93729166666668,145,127.05496551724138,1.0689655172413792,155,118.85787096774195,2748,5,129,148,1.1472868217054264,1.2015503875968991,142.81372093023256
2018-07-01,16330.89,129,124,5,1.0,126.5960465116279,129,126.5960465116279,1.1395348837209303,147,111.09448979591836,2751,3,110,134,1.2181818181818183,1.3363636363636364,148.46263636363636
2018-07-02,22649.23,162,159,3,1.0,139.81006172839506,162,139.81006172839506,1.0679012345679013,173,130.92040462427747,2755,4,134,163,1.2164179104477613,1.291044776119403,169.02410447761193
2018-07-03,535.58,5,5,0,1.0,107.11600000000001,5,107.11600000000001,1.0,5,107.11600000000001,2756,1,5,5,1.0,1.0,107.11600000000001
2018-07-05,92983.58,695,676,19,1.0028776978417266,133.7893237410072,697,133.40542324246772,1.1506456241032998,802,115.9396259351621,2783,27,375,708,1.888,2.1386666666666665,247.95621333333335
2018-07-06,23071.34,149,144,5,1.0,154.84120805369128,149,154.84120805369128,1.087248322147651,162,142.4156790123457,2787,4,129,151,1.1705426356589148,1.255813953488372,178.8475968992248
2018-07-07,10774.4,100,97,3,1.01,107.744,101,106.67722772277227,1.108910891089109,112,96.2,2791,4,83,102,1.2289156626506024,1.3493975903614457,129.81204819277107
2018-07-08,12094.04,103,102,1,1.0097087378640777,117.41786407766992,104,116.28884615384617,1.2019230769230769,125,96.75232000000001,2793,2,82,106,1.2926829268292683,1.524390243902439,147.48829268292684
2018-07-09,15681.55,119,114,5,1.0,131.77773109243697,119,131.77773109243697,1.0672268907563025,127,123.4767716535433,2795,2,103,119,1.1553398058252426,1.233009708737864,152.24805825242717
2018-07-10,21872.95,149,143,6,1.0,146.79832214765102,149,146.79832214765102,1.1208053691275168,167,130.975748502994,2797,2,131,151,1.1526717557251909,1.2748091603053435,166.96908396946566
2018-07-11,19955.41,143,140,3,1.0,139.54832167832168,143,139.54832167832168,1.1398601398601398,163,122.42582822085889,2802,5,112,144,1.2857142857142858,1.4553571428571428,178.17330357142856
2018-07-12,27567.649999999998,126,122,4,1.007936507936508,218.790873015873,127,217.06811023622046,1.1023622047244095,140,196.91178571428568,2805,3,93,128,1.3763440860215055,1.5053763440860215,296.42634408602146
2018-07-13,24587.37,158,153,5,1.0,155.6162658227848,158,155.6162658227848,1.0759493670886076,170,144.63158823529412,2812,7,123,161,1.3089430894308942,1.3821138211382114,199.8973170731707
2018-07-14,25156.41,148,142,6,1.0067567567567568,169.97574324324324,149,168.83496644295303,1.087248322147651,162,155.28648148148147,2820,8,112,150,1.3392857142857142,1.4464285714285714,224.61080357142856
2018-07-15,17845.62,110,108,2,1.0,162.2329090909091,110,162.2329090909091,1.0818181818181818,119,149.96319327731092,2823,3,86,112,1.302325581395349,1.3837209302325582,207.50720930232558
2018-07-16,24910.9,195,194,1,1.0153846153846153,127.74820512820513,198,125.81262626262627,1.0404040404040404,206,120.92669902912623,2830,7,147,199,1.3537414965986394,1.401360544217687,169.46190476190478
2018-07-17,47704.07,269,260,9,1.0148698884758365,177.3385501858736,273,174.74018315018316,1.1245421245421245,307,155.38785016286644,2839,9,189,277,1.4656084656084656,1.6243386243386244,252.40248677248678
2018-07-18,36983.34,292,281,11,1.023972602739726,126.65527397260273,299,123.69010033444815,1.1505016722408026,344,107.50970930232558,2848,9,207,300,1.4492753623188406,1.6618357487922706,178.66347826086954
2018-07-19,37453.65,244,234,10,1.0081967213114753,153.4985655737705,246,152.25060975609756,1.1097560975609757,273,137.19285714285715,2853,5,182,250,1.3736263736263736,1.5,205.7892857142857
2018-07-20,35764.35,257,251,6,1.0233463035019454,139.16089494163424,263,135.9861216730038,1.155893536121673,304,117.64588815789473,2862,9,177,268,1.5141242937853108,1.7175141242937852,202.05847457627118
2018-07-21,27100.17,213,205,8,1.0093896713615023,127.23084507042253,215,126.04730232558138,1.130232558139535,243,111.52333333333333,2863,1,165,220,1.3333333333333333,1.4727272727272727,164.24345454545454
2018-07-22,357.69000000000005,4,4,0,1.0,89.42250000000001,4,89.42250000000001,1.0,4,89.42250000000001,2863,0,4,4,1.0,1.0,89.42250000000001
2018-07-23,41937.69,314,306,8,1.0031847133757963,133.55952229299365,315,133.13552380952382,1.1396825396825396,359,116.81807799442898,2876,13,228,323,1.4166666666666667,1.5745614035087718,183.93723684210528
2018-07-24,56169.75,363,351,12,1.0137741046831956,154.73760330578511,368,152.6351902173913,1.111413043478261,409,137.33435207823962,2891,15,251,377,1.50199203187251,1.6294820717131475,223.78386454183266
2018-07-25,33146.66,280,273,7,1.0035714285714286,118.38092857142858,281,117.9596441281139,1.1708185053380782,329,100.749726443769,2898,7,197,285,1.4467005076142132,1.6700507614213198,168.2571573604061
2018-07-26,37158.49,270,263,7,1.0,137.62403703703703,270,137.62403703703703,1.1407407407407408,308,120.64444805194805,2905,7,186,276,1.4838709677419355,1.6559139784946237,199.77682795698922
2018-07-27,39728.44,233,225,8,1.0042918454935623,170.5083261802575,234,169.77965811965814,1.2179487179487178,285,139.3980350877193,2912,7,182,242,1.3296703296703296,1.565934065934066,218.28813186813187
2018-07-28,24614.59,163,160,3,1.0,151.009754601227,163,151.009754601227,1.177914110429448,192,128.20098958333332,2916,4,123,165,1.3414634146341464,1.5609756097560976,200.11861788617887
2018-07-29,16408.28,112,109,3,1.0,146.5025,112,146.5025,1.0892857142857142,122,134.49409836065573,2916,0,94,116,1.2340425531914894,1.297872340425532,174.55617021276595
2018-07-30,40774.14,283,275,8,1.0035335689045937,144.0782332155477,284,143.57091549295774,1.102112676056338,313,130.2688178913738,2925,9,203,291,1.4334975369458127,1.541871921182266,200.85783251231527
2018-07-31,45954.74,337,331,6,1.0,136.36421364985162,337,136.36421364985162,1.1513353115727003,388,118.44005154639174,2934,9,240,339,1.4125,1.6166666666666667,191.47808333333333
2018-08-01,46740.85,330,316,14,1.003030303030303,141.63893939393938,331,141.21102719033232,1.1450151057401812,379,123.32678100263851,2944,10,220,335,1.5227272727272727,1.7227272727272727,212.45840909090907
2018-08-02,42468.46,332,324,8,1.0,127.91704819277108,332,127.91704819277108,1.144578313253012,380,111.75910526315789,2953,9,241,339,1.4066390041493777,1.5767634854771784,176.2176763485477
2018-08-03,36907.13,291,280,11,1.0,126.82862542955326,291,126.82862542955326,1.1030927835051547,321,114.9754828660436,2961,8,203,295,1.4532019704433496,1.5812807881773399,181.80852216748767
2018-08-04,37289.46,269,261,8,1.0,138.6225278810409,269,138.6225278810409,1.1301115241635689,304,122.66269736842105,2970,9,206,276,1.3398058252427185,1.4757281553398058,181.01679611650485
2018-08-05,32710.8,235,222,13,1.0,139.19489361702128,235,139.19489361702128,1.123404255319149,264,123.90454545454546,2978,8,178,239,1.3426966292134832,1.4831460674157304,183.76853932584268
2018-08-06,51914.66,305,295,10,1.0,170.21200000000002,305,170.21200000000002,1.160655737704918,354,146.65158192090396,2984,6,218,310,1.4220183486238531,1.6238532110091743,238.14064220183488
2018-08-07,55420.2,443,430,13,1.002257336343115,125.10203160270879,444,124.82027027027026,1.114864864864865,495,111.96,2999,15,286,453,1.583916083916084,1.7307692307692308,193.77692307692305
2018-08-08,47500.54,337,327,10,1.002967359050445,140.95115727002968,338,140.53414201183432,1.1923076923076923,403,117.86734491315137,3006,7,235,342,1.4553191489361703,1.7148936170212765,202.1299574468085
2018-08-09,42216.56,297,286,11,1.0033670033670035,142.14329966329964,298,141.66630872483222,1.167785234899329,348,121.3119540229885,3013,7,210,302,1.438095238095238,1.6571428571428573,201.03123809523808
2018-08-10,34947.270000000004,249,242,7,1.0080321285140563,140.35048192771086,251,139.23215139442232,1.0677290836653386,268,130.40026119402987,3020,7,188,255,1.3563829787234043,1.425531914893617,185.88973404255321
2018-08-11,26638.43,206,204,2,1.0,129.31276699029127,206,129.31276699029127,1.1407766990291262,235,113.35502127659575,3022,2,161,210,1.3043478260869565,1.4596273291925466,165.45608695652174
2018-08-12,22293.46,160,157,3,1.0,139.334125,160,139.334125,1.15625,185,120.50518918918918,3026,4,137,164,1.197080291970803,1.3503649635036497,162.72598540145984
2018-08-13,36933.51,258,249,9,1.003875968992248,143.15313953488373,259,142.6004247104247,1.1042471042471043,286,129.13814685314685,3033,7,205,264,1.2878048780487805,1.395121951219512,180.16346341463415
2018-08-14,46538.93,337,331,6,1.0059347181008902,138.09771513353115,339,137.28297935103245,1.0884955752212389,369,126.12176151761518,3039,6,237,342,1.4430379746835442,1.5569620253164558,196.36679324894516
2018-08-15,45103.87,289,278,11,1.0,156.06875432525953,289,156.06875432525953,1.1176470588235294,323,139.64046439628484,3043,4,210,294,1.4,1.5380952380952382,214.78033333333335
2018-08-16,34280.7,291,285,6,1.0,117.80309278350515,291,117.80309278350515,1.127147766323024,328,104.51432926829267,3048,5,206,296,1.4368932038834952,1.5922330097087378,166.41116504854367
2018-08-17,36701.72,291,285,6,1.0034364261168385,126.12274914089348,292,125.69082191780822,1.1267123287671232,329,111.55537993920973,3056,8,213,297,1.3943661971830985,1.5446009389671362,172.30854460093897
2018-08-18,27385.38,206,198,8,1.0048543689320388,132.93873786407767,207,132.29652173913044,1.0628019323671498,220,124.479,3063,7,166,209,1.2590361445783131,1.3253012048192772,164.9721686746988
2018-08-20,59158.55,424,407,17,1.0047169811320755,139.5248820754717,426,138.86983568075118,1.096244131455399,467,126.67783725910064,3075,12,283,435,1.5371024734982333,1.6501766784452296,209.04081272084807
2018-08-21,31560.99,291,283,8,1.0,108.45701030927836,291,108.45701030927836,1.0996563573883162,320,98.62809375,3077,2,218,296,1.3577981651376148,1.4678899082568808,144.77518348623855
2018-08-22,20912.06,182,178,4,1.0054945054945055,114.90142857142858,183,114.27355191256831,1.1584699453551912,212,98.64179245283019,3082,5,153,187,1.2222222222222223,1.3856209150326797,136.68013071895425
2018-08-23,16030.13,146,144,2,1.0,109.7954109589041,146,109.7954109589041,1.1506849315068493,168,95.41744047619048,3084,2,121,147,1.2148760330578512,1.3884297520661157,132.4804132231405
2018-08-24,15162.11,138,130,8,1.0,109.87036231884058,138,109.87036231884058,1.1594202898550725,160,94.7631875,3089,5,106,147,1.3867924528301887,1.509433962264151,143.03877358490567
2018-08-25,9131.79,81,77,4,1.0,112.73814814814816,81,112.73814814814816,1.0864197530864197,88,103.77034090909092,3091,2,75,85,1.1333333333333333,1.1733333333333333,121.75720000000001
2018-08-26,10219.140000000001,70,68,2,1.0,145.9877142857143,70,145.9877142857143,1.1285714285714286,79,129.35620253164558,3092,1,66,72,1.0909090909090908,1.196969696969697,154.83545454545455
2018-08-27,5726.5,64,62,2,1.0,89.4765625,64,89.4765625,1.015625,65,88.1,3094,2,59,64,1.0847457627118644,1.1016949152542372,97.05932203389831
2018-08-28,5106.3,56,54,2,1.0,91.18392857142858,56,91.18392857142858,1.125,63,81.05238095238096,3095,1,43,56,1.302325581395349,1.4651162790697674,118.75116279069768
2018-08-29,1987.6299999999999,15,13,2,1.0,132.50866666666667,15,132.50866666666667,1.6666666666666667,25,79.5052,3095,0,17,17,1.0,1.4705882352941178,116.91941176470587
2018-09-03,145.0,1,0,1,1.0,145.0,1,145.0,1.0,1,145.0,3095,0,1,1,1.0,1.0,145.0
